﻿,Conference,Year,Title,Keywords,Category,Note
1,IEEE International Conference on Industrial Technology (ICIT),2019,[Front cover],Front cover,Dynamics,
2,IEEE International Conference on Industrial Technology (ICIT),2019,ICIT 2019 Organizing Committees,Icit 2019 organizing committees,Dynamics,
3,IEEE International Conference on Industrial Technology (ICIT),2019,ICIT 2019 Technical Program Reviewers,Icit 2019 technical program reviewers,Dynamics,
4,IEEE International Conference on Industrial Technology (ICIT),2019,ICIT 2019 Keynote Addresses,Icit 2019 keynote addresses,Dynamics,
5,IEEE International Conference on Industrial Technology (ICIT),2019,ICIT 2019 Panel Sessions [breaker page],Icit 2019 panel sessions,Dynamics,
6,IEEE International Conference on Industrial Technology (ICIT),2019,Automation in Mining Engineering,Mining engineering,Dynamics,
7,IEEE International Conference on Industrial Technology (ICIT),2019,Comparative Study on Object Tracking Algorithms for mobile robot Navigation in GPS-denied Environment,Object tracking algorithms,Robotics,
8,IEEE International Conference on Industrial Technology (ICIT),2019,The Business Case for Zero Entry Mining,Zero entry mining,Dynamics,
9,IEEE International Conference on Industrial Technology (ICIT),2019,"Robotics, Mechatronics and Control Systems",Control systems,Robotics,
10,IEEE International Conference on Industrial Technology (ICIT),2019,A Decoupled Linear Model Predictive Control-based Motion Cueing Algorithm for Simulation-based Motion Platform with Limitted Workspace,Decoupled linear model predictive control,Robotics,
11,IEEE International Conference on Industrial Technology (ICIT),2019,A Fusion Control of Impedance and Vibration Suppression for a Manipulator with Flexible Base,Vibration suppression,Electronics,
12,IEEE International Conference on Industrial Technology (ICIT),2019,A Robot Portraits Pencil Sketching Algorithm Based on Face Component and Texture Segmentation,Robot portraits pencil sketching algorithm based,Robotics,
13,IEEE International Conference on Industrial Technology (ICIT),2019,An Approach to Air Pressure Interface for Position Control of Manipulator,Air pressure interface,Electronics,
14,IEEE International Conference on Industrial Technology (ICIT),2019,Artificial Neural Network Motor Control for Full-Electric Injection Moulding Machine,Artificial neural network motor control,AI,
15,IEEE International Conference on Industrial Technology (ICIT),2019,Bounded Error Tracking Control for Contouring Systems with End Effector Measurements,Bounded error tracking control,Measurements,
16,IEEE International Conference on Industrial Technology (ICIT),2019,Constrained Time-Optimal Motion Control of a Linear Motor Driven System: Theory and Experiments,Linear motor driven system,Vehicle dynamics,
17,IEEE International Conference on Industrial Technology (ICIT),2019,Control System Development of a Hexarot-Based High-G Centrifugal Simulator,G centrifugal simulator,Control,
18,IEEE International Conference on Industrial Technology (ICIT),2019,Damping control of suspended load in consideration of boom deflection,Suspended load,Control,
19,IEEE International Conference on Industrial Technology (ICIT),2019,Data-driven discovery of the heat equation in an induction machine via sparse regression,Induction machine via sparse regression,Electronics,
20,IEEE International Conference on Industrial Technology (ICIT),2019,Developing a Virtual Stiffness-Damping System for Airfoil Aeroelasticity Testing,Airfoil aeroelasticity testing,Dynamics,
21,IEEE International Conference on Industrial Technology (ICIT),2019,Estimation of Wind Disturbance for Quadcopter in Closed Space,Wind disturbance,Measurements,
22,IEEE International Conference on Industrial Technology (ICIT),2019,Experimental Comparison Study on Joint and Cartesian Space Control Schemes for a Teleoperation System Under Time-Varying Delay,Cartesian space control schemes,Electronics,
23,IEEE International Conference on Industrial Technology (ICIT),2019,Experimental Verification of Visual Feedback Control for a Pendubot with Varying Moment of Inertia,Visual feedback control,Electronics,
24,IEEE International Conference on Industrial Technology (ICIT),2019,Ground vehicle odometry using a non-intrusive inertial speed sensor,Intrusive inertial speed sensor,Vehicle dynamics,
25,IEEE International Conference on Industrial Technology (ICIT),2019,Identification and Compensation of periodic gear transmission errors in Robot Manipulators,Periodic gear transmission errors,System identification,
26,IEEE International Conference on Industrial Technology (ICIT),2019,Kinematic Manipulability Analysis of Hexarot Simulators,Kinematic manipulability analysis,Numerical analysis,
27,IEEE International Conference on Industrial Technology (ICIT),2019,LMI Region-Constrained Takagi-Sugeno Fuzzy Tracking Control,Sugeno fuzzy tracking control,Vehicle dynamics,
28,IEEE International Conference on Industrial Technology (ICIT),2019,Modeling and Robust Attitude Controller Design for a Small Size Helicopter,Robust attitude controller design,Control,
29,IEEE International Conference on Industrial Technology (ICIT),2019,Nonlinear Modelling of Dynamic Wire Tension for Needle Winding Processes of Distributed Windings,Needle winding processes,Modeling,
30,IEEE International Conference on Industrial Technology (ICIT),2019,Optimization Method for Controller Parameters Using Support Vector Machine,Controller parameters using support vector machine,Electronics,
31,IEEE International Conference on Industrial Technology (ICIT),2019,Optimization of the Milling Parameters of a Robotic-based Bone Milling System,Based bone milling system,Robotics,
32,IEEE International Conference on Industrial Technology (ICIT),2019,Path tracking control for a robot-trailer system in the presence of measurement bias,Path tracking control,Robotics,
33,IEEE International Conference on Industrial Technology (ICIT),2019,Power Curve Analysis Of On-ground Airborne Wind Energy Systems,Ground airborne wind energy systems,Numerical analysis,
34,IEEE International Conference on Industrial Technology (ICIT),2019,Radio Map Building with IEEE 802.15.4 for Indoor Localization Applications,Radio map building,Dynamics,
35,IEEE International Conference on Industrial Technology (ICIT),2019,Robust Adaptive Control of Internet-based Bilateral Teleoperation Systems with Time-Varying Delay and Model Uncertainties,Based bilateral teleoperation systems,IOT & VR/AR,
36,IEEE International Conference on Industrial Technology (ICIT),2019,Robust Adaptive Synchronisation of a Single-Master Multi-Slave Teleoperation System over Delayed Communication,Slave teleoperation system,Dynamics,
37,IEEE International Conference on Industrial Technology (ICIT),2019,The Forced Vibration Analysis of Hexarot Parallel Mechanisms,Hexarot parallel mechanisms,Numerical analysis,
38,IEEE International Conference on Industrial Technology (ICIT),2019,Wideband Sensorless Force Control Based on Singular Spectrum Analysis and Dither Periodic Component Elimination Kalman Filter,Dither periodic component elimination kalman filter,Control,
39,IEEE International Conference on Industrial Technology (ICIT),2019,Electrical Machines and Drives,Electrical machines,Electronics,
40,IEEE International Conference on Industrial Technology (ICIT),2019,A 2.5 V 600 A MOSFET-Based DC Traction Motor,Based dc traction motor,Electronics,
41,IEEE International Conference on Industrial Technology (ICIT),2019,Adapted Back-EMF Sensorless Control for Permanent Magnet Synchronous Motors,Permanent magnet synchronous motors,Electronics,
42,IEEE International Conference on Industrial Technology (ICIT),2019,An Improved Model for Circulating Bearing Currents in Inverter-Fed AC Machines,Fed ac machines,Electronics,
43,IEEE International Conference on Industrial Technology (ICIT),2019,Autonomously Obtaining System Efficiency Maps from Motor Drive Systems,Autonomously obtaining system efficiency maps,Dynamics,
44,IEEE International Conference on Industrial Technology (ICIT),2019,Comparative Analysis for Sensorless Displacement Estimation of Electrostatic Film Motors in Different Motor Configurations,Sensorless displacement estimation,Measurements,
45,IEEE International Conference on Industrial Technology (ICIT),2019,Comparison of radial and tangential forces effect on the radial vibrations of synchronous machines,Tangential forces effect,Electronics,
46,IEEE International Conference on Industrial Technology (ICIT),2019,DC voltage ripple estimation in high performance electric power-trains,High performance electric power,Vehicle dynamics,
47,IEEE International Conference on Industrial Technology (ICIT),2019,Experimental Verification of Position Sensorless Control of SynRMs based on Magnetic Saturation depending on Current Phase Angles,Position sensorless control,Control,
48,IEEE International Conference on Industrial Technology (ICIT),2019,FEM based analysis of the impact of temperature on the stability range of anisotropy based encoderless control schemes,Anisotropy based encoderless control schemes,Electronics,
49,IEEE International Conference on Industrial Technology (ICIT),2019,Fixed and Variable Amplitude Virtual Vectors for Model Predictive Control of Six-Phase PMSMs with Single Neutral Configuration,Variable amplitude virtual vectors,Control,
50,IEEE International Conference on Industrial Technology (ICIT),2019,Improvement of Position Sensorless Control Performance for High Speed PMSM with All-pass Filters,Position sensorless control performance,Control,
51,IEEE International Conference on Industrial Technology (ICIT),2019,Influence of the Control Strategy on the Efficiency of SynRM Based Small-Scale Wind Generators,Synrm based small,Control,
52,IEEE International Conference on Industrial Technology (ICIT),2019,Load Cycle-Based Design Optimization of Induction Motor Drives for Highly Dynamic Applications,Induction motor drives,Optimization,
53,IEEE International Conference on Industrial Technology (ICIT),2019,On Air-Gap Approximations for Slotted Electrical Machine Models Assuming Radial Magnetic Fields,Slotted electrical machine models assuming radial magnetic fields,Electronics,
54,IEEE International Conference on Industrial Technology (ICIT),2019,Optimal Design and Experimental Validation of a Novel Line-frequency Zig-Zag Transformer Employed in a Unified AC-DC System,Zag transformer employed,Electronics,
55,IEEE International Conference on Industrial Technology (ICIT),2019,Parameter Variation Insensitive Armature Temperature Estimation Method for SPMSM Servo System,Parameter variation insensitive armature temperature estimation method,Measurements,
56,IEEE International Conference on Industrial Technology (ICIT),2019,Predictive Current Control Based on Variable Amplitude Virtual Vectors for Six-Phase Permanent Magnet Synchronous Machines,Phase permanent magnet synchronous machines,Electronics,
57,IEEE International Conference on Industrial Technology (ICIT),2019,Starting and Dynamic Performance of A Parallel Field Rotor Type Hybrid Generator with PM Exciter,Parallel field rotor type hybrid generator,Dynamics,
58,IEEE International Conference on Industrial Technology (ICIT),2019,Power Electronics and Renewable Energy Conversion,Renewable energy conversion,Electronics,
59,IEEE International Conference on Industrial Technology (ICIT),2019,A Bidirectional Three-Level Current-Fed DC/DC Converter Using Dual Phase Shift Modulation,Dc converter using dual phase shift modulation,Electronics,
60,IEEE International Conference on Industrial Technology (ICIT),2019,A Comprehensive Sensitivity Evaluation of a GaN Based Class ᶲ2 Inverter at Very High Frequency (VHF),Gan based class ᶲ2 inverter,Dynamics,
61,IEEE International Conference on Industrial Technology (ICIT),2019,A Flywheel Energy Storage System in a Microgrid for Powering Small Villages in Remote Islands in the South Pacific,Flywheel energy storage system,Electronics,
62,IEEE International Conference on Industrial Technology (ICIT),2019,A Novel Two-Stage DC/DC Converter Applied to Power Processing Unit for Astronautical Ion Propulsion System,Astronautical ion propulsion system,Electronics,
63,IEEE International Conference on Industrial Technology (ICIT),2019,A Performance Comparison Between Synchronous and Asynchronous Electrostatic Harvesters,Asynchronous electrostatic harvesters,Electronics,
64,IEEE International Conference on Industrial Technology (ICIT),2019,A Reconfigurable Converter with Bidirectional Energy Transfer,Bidirectional energy transfer,Dynamics,
65,IEEE International Conference on Industrial Technology (ICIT),2019,A Robust LESO-based DC-Link Voltage Controller for Variable Speed Hydro-Electric Plants,Variable speed hydro,Electronics,
66,IEEE International Conference on Industrial Technology (ICIT),2019,A Series-Connected Hybrid Modular Multilevel Converter for HVDC Tapping Application,Connected hybrid modular multilevel converter,Electronics,
67,IEEE International Conference on Industrial Technology (ICIT),2019,A Single-Stage Soft-Switching AC/DC Converter without Soft-Switching Auxiliary Circuit,Dc converter without soft,Electronics,
68,IEEE International Conference on Industrial Technology (ICIT),2019,A Wireless Power Transfer System with Robust Primary-Sided Current Based on the Self-Excited Inverter,Wireless power transfer system,Electronics,
69,IEEE International Conference on Industrial Technology (ICIT),2019,An LED Driver with Wide Operation Range for Automotive Lighting,Wide operation range,Dynamics,
70,IEEE International Conference on Industrial Technology (ICIT),2019,Benchmark of DC-link LC Filters based on Passive Inductor and Two-terminal Active Inductor,Link lc filters based,Electronics,
71,IEEE International Conference on Industrial Technology (ICIT),2019,Charge-Equalization Circuit with Single Resonant Energy Tank for Series Batteries,Single resonant energy tank,Dynamics,
72,IEEE International Conference on Industrial Technology (ICIT),2019,Control of a Three-Phase Cascaded H-Bridge Multilevel Inverter for Solar Energy Injection,Solar energy injection,Control,
73,IEEE International Conference on Industrial Technology (ICIT),2019,Control Strategies for A New Hybrid Modular Multilevel Converter under Fault Conditions,New hybrid modular multilevel converter,Control,
74,IEEE International Conference on Industrial Technology (ICIT),2019,Control Strategy for Dynamic Voltage Restorer Under Distorted and Unbalanced Voltage Conditions,Unbalanced voltage conditions,Control,
75,IEEE International Conference on Industrial Technology (ICIT),2019,Decentralised Master-slave Control for Series-cascaded AC Microgrid Integrating Solar Photovoltaic Generation,Cascaded ac microgrid integrating solar photovoltaic generation,Electronics,
76,IEEE International Conference on Industrial Technology (ICIT),2019,Design and Implementation of Interleaved Boost Converters Featuring ZVS,Interleaved boost converters featuring zvs,Dynamics,
77,IEEE International Conference on Industrial Technology (ICIT),2019,Energy Scavenging For Mobile and Wireless Devices Using CMOS Rectifier Circuit,Wireless devices using cmos rectifier circuit,Electronics,
78,IEEE International Conference on Industrial Technology (ICIT),2019,Error Analysis of An Accurate Bipolar Voltage Measurement Circuit for Online Health Monitoring of IGBTs,Accurate bipolar voltage measurement circuit,Measurements,
79,IEEE International Conference on Industrial Technology (ICIT),2019,Experimental analysis of a DC current-controlled variable inductor in a DC-DC converter,Controlled variable inductor,Electronics,
80,IEEE International Conference on Industrial Technology (ICIT),2019,Harmonic Analysis of Grid-tied Active Front End Inverters for the Frequency Range of 0-9 kHz in Distribution Networks:Addressing Future Regulations,Tied active front end inverters,AI,
81,IEEE International Conference on Industrial Technology (ICIT),2019,High Step-up DC-DC Boost Converter With Multiple Outputs,Dc boost converter,Electronics,
82,IEEE International Conference on Industrial Technology (ICIT),2019,High Step-Up Interleaved Converter With Three-Winding Coupled Inductors and Voltage Multiplier Cells,Winding coupled inductors,Dynamics,
83,IEEE International Conference on Industrial Technology (ICIT),2019,Impacts of Linear Controllers for Power Interfaces in Damping Impedance Model Based Power Hardware-in-the-Loop,Damping impedance model based power hardware,Electronics,
84,IEEE International Conference on Industrial Technology (ICIT),2019,Impacts of Linear Controllers for Power Interfaces in Ideal Transformer Model Based Power Hardware-in-the-Loop,Ideal transformer model based power hardware,Electronics,
85,IEEE International Conference on Industrial Technology (ICIT),2019,The improvement of cascaded converter design using quadratic boosting structure with high voltage gain and low duty cycle,Cascaded converter design using quadratic boosting structure,Dynamics,
86,IEEE International Conference on Industrial Technology (ICIT),2019,Improving the Energy Storage of Standalone PV Systems while Enhancing the Charging Efficiency using Supercapacitors,Charging efficiency using supercapacitors,Electronics,
87,IEEE International Conference on Industrial Technology (ICIT),2019,Measurement and Use Model of Electrical Energy Recovered from Drinking Water Flow in Domestic Network at Guayaquil City,Electrical energy recovered,AI,
88,IEEE International Conference on Industrial Technology (ICIT),2019,Method to Reduce Harmonic Voltage Distortion and Improve Harmonic Current Sharing in an islanded AC Microgrid,Reduce harmonic voltage distortion,Electronics,
89,IEEE International Conference on Industrial Technology (ICIT),2019,Modeling and Implementation of Active-Harmonic-Elimination Switched-Capacitor Boost DC-AC Inverter,Capacitor boost dc,Electronics,
90,IEEE International Conference on Industrial Technology (ICIT),2019,Modulation Strategy for Optimized Transient Performance of Dual Active Bridge Converter under Reverse of Power Flow Direction,Dual active bridge converter,Electronics,
91,IEEE International Conference on Industrial Technology (ICIT),2019,Performance Characteristics of Energy-Efficient LED Lamps Leading to Supercapacitor Assisted LED (SCALED) Technique for DC-Microgrid Applications,Efficient led lamps leading,Electronics,
92,IEEE International Conference on Industrial Technology (ICIT),2019,Predictive Control of a Three-Phase Cascaded H-Bridge Multilevel Inverter for Solar Energy Injection,Solar energy injection,Control,
93,IEEE International Conference on Industrial Technology (ICIT),2019,Resonance Damping of DFIG System Based on Multi-branch Virtual Impedance,Dfig system based,Electronics,
94,IEEE International Conference on Industrial Technology (ICIT),2019,Sequential Phase-Shifted Model Predictive Control for a Five-Level Flying Capacitor Converter,Shifted model predictive control,Electronics,
95,IEEE International Conference on Industrial Technology (ICIT),2019,Simple Bidirectional Power Line Communication with Switching Converters in DC Power Distribution Network,Simple bidirectional power line communication,AI,
96,IEEE International Conference on Industrial Technology (ICIT),2019,Stability Analysis and Optimization of Dual Active Bridge Converter with LC Input Filter,Dual active bridge converter,Electronics,
97,IEEE International Conference on Industrial Technology (ICIT),2019,Switching Time Characterization and Modeling of AlN/GaN MIS-HEMTs,Switching time characterization,Electronics,
98,IEEE International Conference on Industrial Technology (ICIT),2019,Thermal Characterization of the Alternate Arm Converter for HVDC Applications,Alternate arm converter,Electronics,
99,IEEE International Conference on Industrial Technology (ICIT),2019,Three level Neutral-Point-Clamped Inverter Control Strategy using SVPWM for Multi-Source System Applications,Clamped inverter control strategy using svpwm,Control,
100,IEEE International Conference on Industrial Technology (ICIT),2019,Wide Frequency Operation Control Method of DFIG Connected to DC Grid with Constant Slip,Wide frequency operation control method,Electronics,
101,IEEE International Conference on Industrial Technology (ICIT),2019,"A Probabilistic Economic Load Dispatch Approach for Power Systems with Wind, Photovoltaic and Heat and Power Units",Probabilistic economic load dispatch approach,Uncertainty quantification,
102,IEEE International Conference on Industrial Technology (ICIT),2019,An adaptive disturbance rejection control scheme for voltage regulation in DC micro-grids,Adaptive disturbance rejection control scheme,Electronics,
103,IEEE International Conference on Industrial Technology (ICIT),2019,An Efficient Method for Distribution System Reliability Evaluation Incorporating Weather Dependent Factors,Distribution system reliability evaluation incorporating weather dependent factors,Electronics,
104,IEEE International Conference on Industrial Technology (ICIT),2019,An Exchange Mechanism to Coordinate Flexibility in Residential Energy Cooperatives,Residential energy cooperatives,Dynamics,
105,IEEE International Conference on Industrial Technology (ICIT),2019,Characterization of Frequency Stability in Power System with Large-Scale DFIG Wind Farms,Scale dfig wind farms,Electronics,
106,IEEE International Conference on Industrial Technology (ICIT),2019,Distributed coordinated control of multi-agent system for medium and low voltage AC-DC distribution network,Low voltage ac,AI,
107,IEEE International Conference on Industrial Technology (ICIT),2019,Distributed Dispatching Optimization Considering Discharging of Electric Vehicles and Security Constraints,Distributed dispatching optimization considering discharging,Formulation,
108,IEEE International Conference on Industrial Technology (ICIT),2019,Economic performance of a grid-interactive system with storage under a dynamic electricity pricing environment,Dynamic electricity pricing environment,Electronics,
109,IEEE International Conference on Industrial Technology (ICIT),2019,Fractional-order Modeling and Control of Power System Stabilizer,Power system stabilizer,Electronics,
110,IEEE International Conference on Industrial Technology (ICIT),2019,Guidelines Resulting from the Application of Hybrid Dynamic Simulation in Calibrating Parameters of the Itaipu Generators,Hybrid dynamic simulation,Modeling,
111,IEEE International Conference on Industrial Technology (ICIT),2019,Impact of FCAS Market Rules on Australia’s National Electricity Market Dynamic Stability,National electricity market dynamic stability,Electronics,
112,IEEE International Conference on Industrial Technology (ICIT),2019,Improving Power Quality of Distributed PV-EV Distribution Grid by Mitigating Unbalance,Improving power quality,Dynamics,
113,IEEE International Conference on Industrial Technology (ICIT),2019,Increase of outdated power units efficiency as the way of CO2 emission reduction,Outdated power units efficiency,Dynamics,
114,IEEE International Conference on Industrial Technology (ICIT),2019,Methods of improving efficiency of natural gas-fueled power plants as the way of reducing CO2 emission,Reducing co2 emission,Dynamics,
115,IEEE International Conference on Industrial Technology (ICIT),2019,Multi-Objective Energy Management Approach Considering Energy Storages in Distribution Networks with Respect to Voltage Security,Objective energy management approach considering energy storages,AI,
116,IEEE International Conference on Industrial Technology (ICIT),2019,Optimal Reactive Power Dispatch Considering Reactive Power Support from Renewable Energy Generators,Optimal reactive power dispatch considering reactive power support,Electronics,
117,IEEE International Conference on Industrial Technology (ICIT),2019,Optimized Water Consumption Considering Power Plants Efficiency in Power System Generation,Optimized water consumption considering power plants efficiency,Optimization,
118,IEEE International Conference on Industrial Technology (ICIT),2019,Parameter Estimation and Power Prediction for PV Power Generation Using a Multi-agent Algorithm,Pv power generation using,Algorithm,
119,IEEE International Conference on Industrial Technology (ICIT),2019,Peak Current Control and Feed-Forward Compensation for the DAB Converter,Peak current control,Control,
120,IEEE International Conference on Industrial Technology (ICIT),2019,Photovoltaic Power System with Ancillary Service Capability Based on Instantaneous Power,Ancillary service capability based,Dynamics,
121,IEEE International Conference on Industrial Technology (ICIT),2019,Smart Windpark Laboratory: Infrastructure for Application-oriented Wind Energy Research,Oriented wind energy research,Smart technologies,
122,IEEE International Conference on Industrial Technology (ICIT),2019,Strategic Bidding in Electricity Markets: A Power Grid Partitioning Approach,Power grid partitioning approach,Electronics,
123,IEEE International Conference on Industrial Technology (ICIT),2019,Transient Harmonic Voltage based Protection Scheme for Multi-terminal HVDC Transmission Networks,Transient harmonic voltage based protection scheme,AI,
124,IEEE International Conference on Industrial Technology (ICIT),2019,Wind Farm Layout Optimization with a Novel Gaussian Wake Model,Wind farm layout optimization,Optimization,
125,IEEE International Conference on Industrial Technology (ICIT),2019,"Sensors, Actuators and Micro-Nanotechnology",Sensors,Electronics,
126,IEEE International Conference on Industrial Technology (ICIT),2019,Comparison of Magnetic Field Sensor Technologies for the use in Wheel Speed Sensors,Magnetic field sensor technologies,Dynamics,
127,IEEE International Conference on Industrial Technology (ICIT),2019,Experimental Validation of Noise Power in System Under Hardware Constraints,Noise power,Formulation,
128,IEEE International Conference on Industrial Technology (ICIT),2019,Force Control for Contact with Flexible Objects Using Reflected-Wave Rejection,Flexible objects using reflected,Electronics,
129,IEEE International Conference on Industrial Technology (ICIT),2019,Modified State Estimation with Fixed Point Update Based on Maximum Correntropy Criterion,Fixed point update based,Measurements,
130,IEEE International Conference on Industrial Technology (ICIT),2019,Motion Reproduction for Flexible Structure using Wave–based Load Disturbance Observer,Flexible structure using wave – based load disturbance observer,Robotics,
131,IEEE International Conference on Industrial Technology (ICIT),2019,Motor-Driven Polygon Mirrors for Measurements of Nano-Second Phenomena,Driven polygon mirrors,Measurements,
132,IEEE International Conference on Industrial Technology (ICIT),2019,"Cloud Computing, Big Data and Software Engineering",Software engineering,Dynamics,
133,IEEE International Conference on Industrial Technology (ICIT),2019,A Cloud Bidding Framework for Deadline Constrained Jobs,Deadline constrained jobs,Vehicle dynamics,
134,IEEE International Conference on Industrial Technology (ICIT),2019,Analysis of Industrial Control System Software to Detect Semantic Clones,Industrial control system software,Control,
135,IEEE International Conference on Industrial Technology (ICIT),2019,Analysis of Network Techniques and Cybersecurity for Improving Performance of Big Data IoT and Cyber-Physical Communication Internetwork,Physical communication internetwork,AI,
136,IEEE International Conference on Industrial Technology (ICIT),2019,Interoperability Mismatch Challenges in Heterogeneous SOA-based Systems,Interoperability mismatch challenges,Dynamics,
137,IEEE International Conference on Industrial Technology (ICIT),2019,PABED – A Tool for Big Education Data Analysis,Big education data analysis,Numerical analysis,
138,IEEE International Conference on Industrial Technology (ICIT),2019,Parsimonious Evolutionary-based Model Development for Detecting Artery Disease,Detecting artery disease,Modeling,
139,IEEE International Conference on Industrial Technology (ICIT),2019,Product design with integrated holistic validation of economics of metal-based 3D-printing by the help of a recommender system,Integrated holistic validation,Dynamics,
140,IEEE International Conference on Industrial Technology (ICIT),2019,Syntactic Translation of Message Payloads Between At Least Partially Equivalent Encodings,Least partially equivalent encodings,Electronics,
141,IEEE International Conference on Industrial Technology (ICIT),2019,Towards Operational Use of Unit Manufacturing Process Models,Unit manufacturing process models,Electronics,
142,IEEE International Conference on Industrial Technology (ICIT),2019,Electronic Systems on Chip and Embedded Control,Embedded control,Electronics,
143,IEEE International Conference on Industrial Technology (ICIT),2019,Reconfigurable RISC-V Secure Processor And SoC Integration,V secure processor,Dynamics,
144,IEEE International Conference on Industrial Technology (ICIT),2019,Signal and Image Processing and Computational Intelligence,Image processing,Dynamics,
145,IEEE International Conference on Industrial Technology (ICIT),2019,A 0.75-V 32-MHz 181-µW SOTB-65nm Floating-point Twiddle Factor Using Adaptive CORDIC,Point twiddle factor using adaptive cordic,Electronics,
146,IEEE International Conference on Industrial Technology (ICIT),2019,A Novel Arrhythmia Classification Method Based On Convolutional Neural Networks Interpretation of Electrocardiogram Images,Novel arrhythmia classification method based,AI,
147,IEEE International Conference on Industrial Technology (ICIT),2019,A Textural Deep Neural Network Combined With Handcrafted Features for Mechanical Failure Classification,Textural deep neural network combined,AI,
148,IEEE International Conference on Industrial Technology (ICIT),2019,An Efficient Hand Gesture Recognition System Based on Deep CNN,Efficient hand gesture recognition system based,AI,
149,IEEE International Conference on Industrial Technology (ICIT),2019,Drivers Awareness Evaluation using Physiological Measurement in a Driving Simulator,Drivers awareness evaluation using physiological measurement,Measurements,
150,IEEE International Conference on Industrial Technology (ICIT),2019,Evaluating Architecture Impacts on Deep Imitation Learning Performance for Autonomous Driving,Deep imitation learning performance,AI,
151,IEEE International Conference on Industrial Technology (ICIT),2019,Medicine Tablet Authentication Using,Medicine tablet authentication using,Dynamics,
152,IEEE International Conference on Industrial Technology (ICIT),2019,Multi-Task Learning with Knowledge Transfer for Facial Attribute Classification,Facial attribute classification,AI,
153,IEEE International Conference on Industrial Technology (ICIT),2019,Multigradient-based Convolutional Neural Network,Based convolutional neural network,AI,
154,IEEE International Conference on Industrial Technology (ICIT),2019,Probability Density for Amazon Spot Instance Price,Amazon spot instance price,Dynamics,
155,IEEE International Conference on Industrial Technology (ICIT),2019,Regressive Scale Estimation for Visual Tracking,Regressive scale estimation,Measurements,
156,IEEE International Conference on Industrial Technology (ICIT),2019,Statistical Analysis of Various Hybridization of Evolutionary Algorithm for Traveling Salesman Problem,Traveling salesman problem,Algorithm,
157,IEEE International Conference on Industrial Technology (ICIT),2019,Stereo Matching Based on Guided Image Filtering with Permeability Filter,Stereo matching based,Dynamics,
158,IEEE International Conference on Industrial Technology (ICIT),2019,Study on a Selection Method of Objects contribute to Driver Operation based on a Statistical Driving Behavior Model,Statistical driving behavior model,Modeling,
159,IEEE International Conference on Industrial Technology (ICIT),2019,Temporal Convolutional Memory Networks for Remaining Useful Life Estimation of Industrial Machinery,Temporal convolutional memory networks,AI,
160,IEEE International Conference on Industrial Technology (ICIT),2019,Transition to Electrical Vehicles Based on Multi-Attribute Decision Making,Electrical vehicles based,Vehicle dynamics,
161,IEEE International Conference on Industrial Technology (ICIT),2019,"Industrial Automation, Communication, Networking and Informatics",Industrial automation,AI,
162,IEEE International Conference on Industrial Technology (ICIT),2019,an Three-Dimensional Simulation Method in Industry,Dimensional simulation method,Modeling,
163,IEEE International Conference on Industrial Technology (ICIT),2019,Formal Design and Implementation of Supervisory Controller for a Didactic Manufacturing Cell,Didactic manufacturing cell,AI,
164,IEEE International Conference on Industrial Technology (ICIT),2019,Implementing Digital Twins of Smart Factories with Interval Algebra,Implementing digital twins,Smart technologies,
165,IEEE International Conference on Industrial Technology (ICIT),2019,Multihop Gateway-to-Gateway Communication Protocol for LoRa Networks,Gateway communication protocol,AI,
166,IEEE International Conference on Industrial Technology (ICIT),2019,"OPC UA versus ROS, DDS, and MQTT: Performance Evaluation of Industry 4.0 Protocols",Opc ua versus ros,Dynamics,
167,IEEE International Conference on Industrial Technology (ICIT),2019,Routing Graph Management for Mobility Support in Industrial Wireless Sensor Networks,Industrial wireless sensor networks,AI,
168,IEEE International Conference on Industrial Technology (ICIT),2019,Verification of fault tolerant safety I&C systems using model checking,C systems using model checking,Modeling,
169,IEEE International Conference on Industrial Technology (ICIT),2019,"Systems Reliability, Conditions Monitoring and Fault Diagnosis",Systems reliability,Dynamics,
170,IEEE International Conference on Industrial Technology (ICIT),2019,A Grid Connected PV System Fault Diagnosis Method,Grid connected pv system fault diagnosis method,Dynamics,
171,IEEE International Conference on Industrial Technology (ICIT),2019,A LS-SVM based Approach for Turbine Engines Prognostics Using Sensor Data,Turbine engines prognostics using sensor data,Electronics,
172,IEEE International Conference on Industrial Technology (ICIT),2019,A Multi-Agent Middleware for Resilience Enhancement in Heterogeneous Control Systems,Heterogeneous control systems,Control,
173,IEEE International Conference on Industrial Technology (ICIT),2019,A Study on Machine Learning and Artificial Intelligence Methods in Detecting the Minor Outer-Raceway Bearing Fault,Raceway bearing fault,AI,
174,IEEE International Conference on Industrial Technology (ICIT),2019,Application of CART-Based Variable Ranking for Faulty Variable Isolation in Tennessee Eastman Benchmark Process,Tennessee eastman benchmark process,Dynamics,
175,IEEE International Conference on Industrial Technology (ICIT),2019,Detection of Boiler Tube Leakage Fault in a Thermal Power Plant Using Machine Learning Based Data Mining Technique,Thermal power plant using machine learning based data mining technique,AI,
176,IEEE International Conference on Industrial Technology (ICIT),2019,Maintenance Interval Adjustment by Applying the Bandit Algorithm,Maintenance interval adjustment,Algorithm,
177,IEEE International Conference on Industrial Technology (ICIT),2019,Part Variation Modeling in Multi-Stage Production Systems for Zero-Defect Manufacturing,Stage production systems,Electronics,
178,IEEE International Conference on Industrial Technology (ICIT),2019,Reliability Comparison of DC Link Capacitor Bank for Different Configurations,Dc link capacitor bank,Electronics,
179,IEEE International Conference on Industrial Technology (ICIT),2019,Ultrasound-assisted Plasma-activated Water for Bacterial Inactivation in Poultry Industry,Poultry industry,Electronics,
180,IEEE International Conference on Industrial Technology (ICIT),2019,Engineering Education,Engineering education,Dynamics,
181,IEEE International Conference on Industrial Technology (ICIT),2019,Building a Curriculum for Industrial Network Security,Industrial network security,AI,
182,IEEE International Conference on Industrial Technology (ICIT),2019,Development and Outcomes of Teaching PID Control in Classroom with Hands on Learning Experience,Teaching pid control,AI,
183,IEEE International Conference on Industrial Technology (ICIT),2019,Integration of Project-Based Learning into Control System Laboratory Course for Electrical Engineering Students,Control system laboratory course,AI,
184,IEEE International Conference on Industrial Technology (ICIT),2019,Multi-factor based enhancing students’ motivations,Factor based enhancing students ’ motivations,Electronics,
185,IEEE International Conference on Industrial Technology (ICIT),2019,Industry Presentations Extended Abstract [Breaker page],Industry presentations extended abstract,Electronics,
186,IEEE International Conference on Industrial Technology (ICIT),2019,Developing Predictable Embedded Systems in the Vehicle Industry: Results and Lessons Learned,Developing predictable embedded systems,AI,
187,IEEE International Conference on Industrial Technology (ICIT),2019,Implementation of Automated Vehicle Electrical and Electronic System using Cyber Physical System,Electronic system using cyber physical system,Vehicle dynamics,
188,IEEE International Conference on Industrial Technology (ICIT),2019,Routing instruction for autonomous mobile robot by using Float solution of RTK-GNSS using L1 signal,Gnss using l1 signal,Robotics,
189,IEEE International Conference on Industrial Technology (ICIT),2019,"Z-Source Converters Topologies, Modulation and Control Strategies, and their Applications",Source converters topologies,Control,
190,IEEE International Conference on Industrial Technology (ICIT),2019,A High Boost Bi-directional Series Z-source Inverter With Novel Switched Inductor Cells,Novel switched inductor cells,Dynamics,
191,IEEE International Conference on Industrial Technology (ICIT),2019,Input Current Ripples Cancellation in A New Three-level Neutral-Point-Clamped Bi-directional Coupled Quasi Z-Source Inverter,Input current ripples cancellation,Dynamics,
192,IEEE International Conference on Industrial Technology (ICIT),2019,Modified High Voltage Gain Soft-Switched Quasi-Switched Boost Inverter,Modified high voltage gain soft,Dynamics,
193,IEEE International Conference on Industrial Technology (ICIT),2019,Switched-Capacitor Embedded Quasi-Z-Source Inverters with Advanced Boosting Capability,Capacitor embedded quasi,Electronics,
194,IEEE International Conference on Industrial Technology (ICIT),2019,Wide Input Voltage Range High Step-Up DC-DC Converter with Fault-Tolerant Operation Capability,Wide input voltage range high step,Electronics,
195,IEEE International Conference on Industrial Technology (ICIT),2019,The Energy Storage Systems in Emerging Technologies,Energy storage systems,Dynamics,
196,IEEE International Conference on Industrial Technology (ICIT),2019,A Comparison of the Effects of Charging Strategies on Lithium-ion Cell Performance in High Temperature Environments,Ion cell performance,Dynamics,
197,IEEE International Conference on Industrial Technology (ICIT),2019,Energy Cost Optimization in Microgrids Using Model Predictive Control and Mixed Integer Linear Programming,Microgrids using model predictive control,Optimization,
198,IEEE International Conference on Industrial Technology (ICIT),2019,Optimal Management of Variable Speed Pumped-Storage Hydro-Electric Plant: Cases Study,Variable speed pumped,Optimization,
199,IEEE International Conference on Industrial Technology (ICIT),2019,A Three-dimensional thermal model for a commercial lithium-ion capacitor battery pack with non-uniform temperature distribution,Ion capacitor battery pack,Electronics,
200,IEEE International Conference on Industrial Technology (ICIT),2019,An Efficient Selective Miner Consensus Protocol in Blockchain Oriented IoT Smart Monitoring,Efficient selective miner consensus protocol,Smart technologies,
201,IEEE International Conference on Industrial Technology (ICIT),2019,Detection and Compensation of Covert Service-Degrading Intrusions in Cyber Physical Systems through Intelligent Adaptive Control,Intelligent adaptive control,Control,
202,IEEE International Conference on Industrial Technology (ICIT),2019,Generative Malware Outbreak Detection,Generative malware outbreak detection,Dynamics,
203,IEEE International Conference on Industrial Technology (ICIT),2019,Impact of GPS Time Spoofing Attacks on Cyber Physical Systems,Gps time spoofing attacks,Electronics,
204,IEEE International Conference on Industrial Technology (ICIT),2019,Mobile Malware Detection: An Analysis of Deep Learning Model,Mobile malware detection,AI,
205,IEEE International Conference on Industrial Technology (ICIT),2019,Multi-Source Cyber-Attacks Detection using Machine Learning,Attacks detection using machine learning,AI,
206,IEEE International Conference on Industrial Technology (ICIT),2019,Security Hardening of Implantable Cardioverter Defibrillators,Implantable cardioverter defibrillators,Dynamics,
207,IEEE International Conference on Industrial Technology (ICIT),2019,Self-Adaptation Applied to MQTT via a Generic Autonomic Management Framework,Generic autonomic management framework,Dynamics,
208,IEEE International Conference on Industrial Technology (ICIT),2019,Vulnerability Modelling for Hybrid IT Systems,Vulnerability modelling,Modeling,
209,IEEE International Conference on Industrial Technology (ICIT),2019,Advanced Control of High Power Converters for Sustainable Energy,High power converters,Control,
210,IEEE International Conference on Industrial Technology (ICIT),2019,Comparative Analysis of Predictive Control Systems Applied to a Grid-Tied NPC Inverter,Predictive control systems applied,Control,
211,IEEE International Conference on Industrial Technology (ICIT),2019,Design of an Artificial Neural Network Control Based on Levenberg-Marquart Algorithm for Grid-Connected Packed U-Cell Inverter,Artificial neural network control based,AI,
212,IEEE International Conference on Industrial Technology (ICIT),2019,Investigation of Hysteresis-based State Feedback Controller for Grid-Interfaced Power Converters,Based state feedback controller,Electronics,
213,IEEE International Conference on Industrial Technology (ICIT),2019,Modeling and Control of a Three-level Dual Output Voltage Converter,Level dual output voltage converter,Control,
214,IEEE International Conference on Industrial Technology (ICIT),2019,Optimization method based on simplex algorithm for current control of modular multilevel converters,Optimization method based,Algorithm,
215,IEEE International Conference on Industrial Technology (ICIT),2019,Advanced Power Electronics for Power Quality in Distributed Power Systems,Distributed power systems,Electronics,
216,IEEE International Conference on Industrial Technology (ICIT),2019,Analysis of High Frequency Harmonics in Distribution Networks: 9 – 150 kHz,9 – 150 khz,AI,
217,IEEE International Conference on Industrial Technology (ICIT),2019,Dynamic Analysis of a Modular Three-Phase Rectifier System with Harmonic Mitigation Function: Addressing IEC 61000-3-12,Phase rectifier system,Numerical analysis,
218,IEEE International Conference on Industrial Technology (ICIT),2019,Finite Control Set Model Predictive Control of a Nine Switch Dual Output Converter as a Power Quality Conditioner,Finite control set model predictive control,Control,
219,IEEE International Conference on Industrial Technology (ICIT),2019,Model Predictive Control of Cascaded Multi-Output Multilevel Converter,Output multilevel converter,Control,
220,IEEE International Conference on Industrial Technology (ICIT),2019,The Original DSP Technique Implemented on a Five-Phase Indirect Matrix Converter 5P-IMC,Phase indirect matrix converter 5p,Dynamics,
221,IEEE International Conference on Industrial Technology (ICIT),2019,Advances in Data-Driven Process Monitoring and Control for Complex Industrial Systems,Driven process monitoring,Control,
222,IEEE International Conference on Industrial Technology (ICIT),2019,A Novel Data-Driven Fault Classification Method and its Application to DC Motor,Driven fault classification method,Electronics,
223,IEEE International Conference on Industrial Technology (ICIT),2019,Achieving Manufacturing Excellence through Data Driven Decisions,Data driven decisions,Electronics,
224,IEEE International Conference on Industrial Technology (ICIT),2019,Averaging Effect Model on Aggregation Margin of Fast Demand Responses of Building Multi-type Air-Conditioners,Fast demand responses,Modeling,
225,IEEE International Conference on Industrial Technology (ICIT),2019,Data Driven Model for Performance Evaluation and Anomaly Detection in Integrated Air Source Heat Pump Operation,Integrated air source heat pump operation,Modeling,
226,IEEE International Conference on Industrial Technology (ICIT),2019,Dimensionality Reduction and Anomaly Detection for CPPS Data using Autoencoder,Cpps data using autoencoder,Dynamics,
227,IEEE International Conference on Industrial Technology (ICIT),2019,Fault Detection Method of Local Outlier Factor for High-Speed Train of Running Gear Based on Inter-Variable Variance,Running gear based,Vehicle dynamics,
228,IEEE International Conference on Industrial Technology (ICIT),2019,Improved Data-Driven SKRs Based Fault Detection for Closed-Loop Systems with Deterministic Disturbance,Driven skrs based fault detection,Dynamics,
229,IEEE International Conference on Industrial Technology (ICIT),2019,Mechanical faults detection in induction machine using recursive PCA with weighted distance,Induction machine using recursive pca,Electronics,
230,IEEE International Conference on Industrial Technology (ICIT),2019,On the Identification of Decision Boundaries for Anomaly Detection in CPPS,Decision boundaries,System identification,
231,IEEE International Conference on Industrial Technology (ICIT),2019,On the Improvement of Variations in Producing Magnetic Heads Using Tracking Control,Producing magnetic heads using tracking control,Electronics,
232,IEEE International Conference on Industrial Technology (ICIT),2019,Quality Control of Continuous Wort Production through Production Data Analysis in Latent Space,Production data analysis,Electronics,
233,IEEE International Conference on Industrial Technology (ICIT),2019,Towards sustainable manufacturing by extending Manufacturing Execution System functions,Extending manufacturing execution system functions,Electronics,
234,IEEE International Conference on Industrial Technology (ICIT),2019,Robotics and Intelligent Sensing,Intelligent sensing,Robotics,
235,IEEE International Conference on Industrial Technology (ICIT),2019,A New Tensioning Method using Deep Reinforcement Learning for Surgical Pattern Cutting,New tensioning method using deep reinforcement learning,AI,
236,IEEE International Conference on Industrial Technology (ICIT),2019,Autonomous Mobile Robot Exploration in Unknown Indoor Environments Based on Rapidly-exploring Random Tree,Unknown indoor environments based,Robotics,
237,IEEE International Conference on Industrial Technology (ICIT),2019,Design of Bilateral Control Based on Equivalent Circuit Model,Equivalent circuit model,Control,
238,IEEE International Conference on Industrial Technology (ICIT),2019,Multi-Agent Deep Reinforcement Learning with Human Strategies,Agent deep reinforcement learning,AI,
239,IEEE International Conference on Industrial Technology (ICIT),2019,Stabilizing Model Predictive Control with Optimized Terminal Sample Weight for Motion Cueing Algorithm,Stabilizing model predictive control,Robotics,
240,IEEE International Conference on Industrial Technology (ICIT),2019,Wireless Sensor Networks Hardware-Software Design Aspects for Industry,Wireless sensor networks hardware,AI,
241,IEEE International Conference on Industrial Technology (ICIT),2019,Multi-Purpose Communication Protocol for Wired and Wireless Sensor Networks with Actuators,Wireless sensor networks,AI,
242,IEEE International Conference on Industrial Technology (ICIT),2019,Advanced Solutions for Communication in Cooperative Cyber Physical Systems,Cooperative cyber physical systems,Dynamics,
243,IEEE International Conference on Industrial Technology (ICIT),2019,A Perspective on Ensuring Predictability in Time-critical and Secure Cooperative Cyber Physical Systems,Secure cooperative cyber physical systems,Dynamics,
244,IEEE International Conference on Industrial Technology (ICIT),2019,IntegrationDistiller: Automating Integration Analysis and Testing of Object-Oriented Applications,Automating integration analysis,Numerical analysis,
245,IEEE International Conference on Industrial Technology (ICIT),2019,Linked Data Architecture for Plan Execution in Distributed CPS,Linked data architecture,Dynamics,
246,IEEE International Conference on Industrial Technology (ICIT),2019,Industrial Wireless Networking,Industrial wireless networking,AI,
247,IEEE International Conference on Industrial Technology (ICIT),2019,Distributed Detection with Non-identical Wireless Sensors for Industrial Applications,Identical wireless sensors,Electronics,
248,IEEE International Conference on Industrial Technology (ICIT),2019,"Grid-Connected Inverters for Renewable Energies Integration - Emerging Topologies, Control Techniques, and Applications",Renewable energies integration,Control,
249,IEEE International Conference on Industrial Technology (ICIT),2019,Demystification of Active Damping Design for Three Phase LCL Filters,Three phase lcl filters,Electronics,
250,IEEE International Conference on Industrial Technology (ICIT),2019,Virtual Flux Oriented Sensorless Direct Power Control of QZS Inverter Connected to Grid for Solar PV Applications,Virtual flux oriented sensorless direct power control,Control,
251,IEEE International Conference on Industrial Technology (ICIT),2019,Distributed Intelligent Control Technique for Complex Networking Systems,Distributed intelligent control technique,AI,
252,IEEE International Conference on Industrial Technology (ICIT),2019,A Fast Non-parametric Detection Method for Infrared Small Dim Target,Infrared small dim target,Dynamics,
253,IEEE International Conference on Industrial Technology (ICIT),2019,Consensus of Multiple Lur’e Systems for Directed Communication Graphs with Distributed Adaptive Relative Output Feedback Protocol,Distributed adaptive relative output feedback protocol,Electronics,
254,IEEE International Conference on Industrial Technology (ICIT),2019,Distributed rendezvous and consensus control of multiple unicycle-type vehicles under directed graphs,Type vehicles,Vehicle dynamics,
255,IEEE International Conference on Industrial Technology (ICIT),2019,Practical Formation Tracking of Networked Underactuated Vehicles on Group SE(3),Practical formation tracking,AI,
256,IEEE International Conference on Industrial Technology (ICIT),2019,Stability Analysis of Cooperative Control for Heterogeneous Multi-agent Systems with Nonlinear Dynamics,Stability analysis,Control,
257,IEEE International Conference on Industrial Technology (ICIT),2019,"Multilevel Inverters Applications, Reliability, Fault Diagnosis, and Post-Fault Operation",Multilevel inverters applications,Dynamics,
258,IEEE International Conference on Industrial Technology (ICIT),2019,Modular Multilevel Converter Using IGCT-based Cross-Connected Modules for Medium Voltage DC Grids,Modular multilevel converter using igct,Electronics,
259,IEEE International Conference on Industrial Technology (ICIT),2019,"Advanced Multilevel Converters with DC Capacitors - Modulation, Voltage Balancing, and Control Strategies",Advanced multilevel converters,Electronics,
260,IEEE International Conference on Industrial Technology (ICIT),2019,A comparative evaluation of modulation strategies for Hexverter–based Modular Multilevel Converters,Hexverter – based modular multilevel converters,Dynamics,
261,IEEE International Conference on Industrial Technology (ICIT),2019,A simple modulation strategy for a Reduced Multilevel Converter using Predictive Control,Reduced multilevel converter using predictive control,Formulation,
262,IEEE International Conference on Industrial Technology (ICIT),2019,Comparative Study of Two Adaptive Resonant Controllers in a Modular Multilevel Converter,Two adaptive resonant controllers,Control,
263,IEEE International Conference on Industrial Technology (ICIT),2019,Model Predictive Control of a five-level Neutral-Point-Clamped STATCOM,Model predictive control,Control,
264,IEEE International Conference on Industrial Technology (ICIT),2019,"New Reduced Switched Multilevel Inverter for Three-Phase Grid-Connected PV System, Performance Evaluation",New reduced switched multilevel inverter,Formulation,
265,IEEE International Conference on Industrial Technology (ICIT),2019,New Single-Phase Asymmetric Reduced Multilevel Inverter Based on Switched-Diode for Cascaded Multilevel Inverters,Phase asymmetric reduced multilevel inverter based,Formulation,
266,IEEE International Conference on Industrial Technology (ICIT),2019,"High Power Converters Topologies, Modulation and Control Strategies, and their Applications",High power converters topologies,Control,
267,IEEE International Conference on Industrial Technology (ICIT),2019,Design and Simulations of Discrete Sliding Mode Controller for DC-DC Buck Converter,Discrete sliding mode controller,Electronics,
268,IEEE International Conference on Industrial Technology (ICIT),2019,Distributed Current Control of Cascaded Multilevel Inverters,Distributed current control,Control,
269,IEEE International Conference on Industrial Technology (ICIT),2019,Full wave modulation applied to 3-level FC and NPC inverters,Full wave modulation applied,Dynamics,
270,IEEE International Conference on Industrial Technology (ICIT),2019,Modified H-Bridge Inverter with Reduced Number of Switching Devices,Switching devices,Formulation,
271,IEEE International Conference on Industrial Technology (ICIT),2019,Selective Harmonic Elimination In Cascaded H-Bridge Multilevel Inverter Using Genetic Algorithm Approach,Bridge multilevel inverter using genetic algorithm approach,Algorithm,
272,IEEE International Conference on Industrial Technology (ICIT),2019,Comprehensive Comparison of Three Typical Bridge Structure Isolated Soft Switching DC-DC Topologies in the Application of Locomotive Traction,Three typical bridge structure isolated soft switching dc,Electronics,
273,IEEE International Conference on Industrial Technology (ICIT),2019,"Solid State Transformers Design, Control and Impact on Future Distribution Grid",Solid state transformers design,Electronics,
274,IEEE International Conference on Industrial Technology (ICIT),2019,Solid State Transformer with Integrated Input Stage,Solid state transformer,Dynamics,
275,IEEE International Conference on Industrial Technology (ICIT),2019,Control of Multiphase and Special Machines for Hybrid and Electric Mobility,Special machines,Electronics,
276,IEEE International Conference on Industrial Technology (ICIT),2019,3-D Multi-Nodal Thermal Modelling for Fault-Tolerant Machine,Nodal thermal modelling,Electronics,
277,IEEE International Conference on Industrial Technology (ICIT),2019,An Overview of Methods using Reduced-Ordered Transformation Matrices for Fault-Tolerant Control of 5-phase Machines with an Open Phase,Ordered transformation matrices,Formulation,
278,IEEE International Conference on Industrial Technology (ICIT),2019,Low Speed Sensorless Control of Non-Salient Poles Multiphase PMSM,Salient poles multiphase pmsm,Control,
279,IEEE International Conference on Industrial Technology (ICIT),2019,Smart City Applications Based on Internet of Things,Smart city applications based,Smart technologies,
280,IEEE International Conference on Industrial Technology (ICIT),2019,A Comparative Study of Environmental Correction Factor Determination for Acoustic Room,Environmental correction factor determination,Electronics,
281,IEEE International Conference on Industrial Technology (ICIT),2019,A Critical Review of Maturity Models in Information Technology and Human Landscapes on Industry 4.0,Maturity models,Modeling,
282,IEEE International Conference on Industrial Technology (ICIT),2019,Embedding CSPC database with CPS to enhance toy product safety,Enhance toy product safety,Dynamics,
283,IEEE International Conference on Industrial Technology (ICIT),2019,Smart Automation System for Controlling Various Appliances using a Mobile Device,Controlling various appliances using,Smart technologies,
284,IEEE International Conference on Industrial Technology (ICIT),2019,State-of-the-Art Automotive Technologies,Art automotive technologies,Dynamics,
285,IEEE International Conference on Industrial Technology (ICIT),2019,Clutch-to-Clutch Gearshift Control for Multi-Speed Electric Vehicles during Regenerative Braking Events,Speed electric vehicles,Vehicle dynamics,
286,IEEE International Conference on Industrial Technology (ICIT),2019,Efficiency Improvement of Motor Drive System by using a GaN Three Phase Inverter,Gan three phase inverter,Dynamics,
287,IEEE International Conference on Industrial Technology (ICIT),2019,Implementation of Node Authentication Algorithm of In-Vehicle Network in Connected Car,Node authentication algorithm,AI,
288,IEEE International Conference on Industrial Technology (ICIT),2019,Power-split strategy of a novel dual-input series-parallel hybrid electric vehicle,Parallel hybrid electric vehicle,Vehicle dynamics,
289,IEEE International Conference on Industrial Technology (ICIT),2019,Practical Limitations of Vehicle to Grid (V2G) Infrastructure,Practical limitations,Vehicle dynamics,
290,IEEE International Conference on Industrial Technology (ICIT),2019,The Analysis of a Ferriteless Rectangular Coupler With Reactive Assistive shielding Coils For EV Wireless Charging,Reactive assistive shielding coils,Electronics,
291,IEEE International Conference on Industrial Technology (ICIT),2019,Vehicle-to-Vehicle charging system fundamental and design comparison,Vehicle charging system fundamental,Vehicle dynamics,
292,IEEE International Conference on Industrial Technology (ICIT),2019,Transformerless Grid-connected PV Systems,Connected pv systems,Dynamics,
293,IEEE International Conference on Industrial Technology (ICIT),2019,A Doubly-Grounded Transformer-Less Single-Phase PV Inverter With Boost Capability,Phase pv inverter,Dynamics,
294,IEEE International Conference on Industrial Technology (ICIT),2019,A Single Stage Virtual Synchronous Machine,Single stage virtual synchronous machine,Electronics,
295,IEEE International Conference on Industrial Technology (ICIT),2019,"Analysis, Design, and Experimental Verification of High Step-up DC-DC Converter to Interface Renewable Energy Sources into DC Nanogrid",Interface renewable energy sources,Electronics,
296,IEEE International Conference on Industrial Technology (ICIT),2019,Switched-Capacitor Integrated Single-Phase (2N+1)-Levels Boost Inverter for Grid-Tied Photovoltaic (PV) Applications,1 )- levels boost inverter,Electronics,
297,IEEE International Conference on Industrial Technology (ICIT),2019,Microgrids and their Monitoring and Control,Monitoring,Control,
298,IEEE International Conference on Industrial Technology (ICIT),2019,A hardware-in-the-loop (HIL) testbed to evaluate the impact of the insertion and control of distributed generating sources,Distributed generating sources,Electronics,
299,IEEE International Conference on Industrial Technology (ICIT),2019,An Improved Direct Load Flow Approach for Unbalanced Active Distribution Networks with Multiple Voltage Levels and Configurations,Improved direct load flow approach,AI,
300,IEEE International Conference on Industrial Technology (ICIT),2019,An Investigation of the Impact of PV Penetration and BESS Capacity on Islanded Microgrids–A Small-Signal Based Analytical Approach,Signal based analytical approach,Electronics,
301,IEEE International Conference on Industrial Technology (ICIT),2019,Cost-Optimized Control of DC Microgrids based on Characteristic Diagrams,Dc microgrids based,Electronics,
302,IEEE International Conference on Industrial Technology (ICIT),2019,Decentralized Secondary Controller in Islanded DC Microgrids to Enhance Voltage Regulation and Load Sharing Accuracy,Load sharing accuracy,Electronics,
303,IEEE International Conference on Industrial Technology (ICIT),2019,Deterioration of Frequency Response in Low Inertia Networks due to Governor Dead-Bands,Low inertia networks due,AI,
304,IEEE International Conference on Industrial Technology (ICIT),2019,Impact of Multiple Motor Loads on Dynamic Performance and Stability of Microgrids,Multiple motor loads,Electronics,
305,IEEE International Conference on Industrial Technology (ICIT),2019,Investigation on an AC Grid Failure Handling of Industrial DC Microgrids with an Energy Storage,Ac grid failure handling,Electronics,
306,IEEE International Conference on Industrial Technology (ICIT),2019,Sensitivity of Prediction Error on the Performance of a Preventive Controller for Microgrids,Preventive controller,Control,
307,IEEE International Conference on Industrial Technology (ICIT),2019,Understanding Microgrids and Their Future Trends,Understanding microgrids,Dynamics,
308,IEEE International Conference on Industrial Technology (ICIT),2019,New Contributions,New contributions,Dynamics,
309,IEEE International Conference on Industrial Technology (ICIT),2019,A Review of Wireless Sensor Network Localisation Based on Software Defined Networking,Wireless sensor network localisation based,AI,
310,IEEE International Conference on Industrial Technology (ICIT),2019,Avoiding Currents Overshoot in IPOP DAB System,Ipop dab system,Dynamics,
311,IEEE International Conference on Industrial Technology (ICIT),2019,Core Loss Modeling Based on Equivalent Circuit for Switched Reluctance Motors,Core loss modeling based,Modeling,
312,IEEE International Conference on Industrial Technology (ICIT),2019,Data Aggregation in Software-Defined Wireless Sensor Networks: A Review,Defined wireless sensor networks,AI,
313,IEEE International Conference on Industrial Technology (ICIT),2019,DBTOR: A Dynamic Binary Translation Architecture for Modern Embedded Systems,Dynamic binary translation architecture,Dynamics,
314,IEEE International Conference on Industrial Technology (ICIT),2019,Digital Decentralized Current Control for Parallel Multiphase Converter,Digital decentralized current control,Smart technologies,
315,IEEE International Conference on Industrial Technology (ICIT),2019,Distributed Robust Estimation with Dynamics Uncertainties and Random Communication Topologies,Random communication topologies,Measurements,
316,IEEE International Conference on Industrial Technology (ICIT),2019,Flexible Models for Smart Maintenance,Smart maintenance,Smart technologies,
317,IEEE International Conference on Industrial Technology (ICIT),2019,Harmonic Analysis of Common-Mode Voltage in Quasi-Z-Source Inverters,Source inverters,Numerical analysis,
318,IEEE International Conference on Industrial Technology (ICIT),2019,Impact of transmission topology for protective operations in multi-terminal HVDC networks,Terminal hvdc networks,AI,
319,IEEE International Conference on Industrial Technology (ICIT),2019,Model Predictive Control for the New Reduced Multi-level Grid-Connected Converter,New reduced multi,Formulation,
320,IEEE International Conference on Industrial Technology (ICIT),2019,NB-IoT based Tree Health Monitoring System,Iot based tree health monitoring system,IOT & VR/AR,
321,IEEE International Conference on Industrial Technology (ICIT),2019,Non-Intrusive Hardware Acceleration for Dynamic Binary Translation in Embedded Systems,Intrusive hardware acceleration,Electronics,
322,IEEE International Conference on Industrial Technology (ICIT),2019,Performance Evaluation of Cascaded H-bridge Multilevel Grid-Connected Converter with Model Predictive Control Technique,Model predictive control technique,Control,
323,IEEE International Conference on Industrial Technology (ICIT),2019,Real Time Voltage Sag Monitoring Based on Embedded S-Transform Algorithm in Labview,Real time voltage sag monitoring based,Algorithm,
324,IEEE International Conference on Industrial Technology (ICIT),2019,Control of interleaved DC-DC boost converter based on extended state observer for fuel cell application,Dc boost converter based,Electronics,
325,IEEE International Conference on Industrial Technology (ICIT),2019,Model predictive control of interleaved DC-DC boost converter with current compensation,Model predictive control,Electronics,
326,IEEE International Conference on Industrial Technology (ICIT),2019,Comparison of SiC-based DC-DC modular converters for EV fast DC chargers,Ev fast dc chargers,Electronics,
327,IEEE International Conference on Industrial Technology (ICIT),2019,Investigation of power oscillation at common DC bus in DC grid,Common dc bus,Electronics,
328,IEEE International Conference on Industrial Technology (ICIT),2019,A novel constant frequency sliding mode control for bidirectional quadratic boost-buck converter,Novel constant frequency sliding mode control,Control,
329,IEEE International Conference on Industrial Technology (ICIT),2019,An energy management strategy based on state machine with power compensation for photovoltaic-PEMFC-lithium battery power system,Energy management strategy based,Electronics,
330,IEEE International Conference on Industrial Technology (ICIT),2019,A smooth sliding mode control for a high-conversion-ratio bidirectional DC-DC converter,Smooth sliding mode control,Electronics,
