﻿,Conference,Year,Title,Keywords,Category,Note
1,IEEE International Conference on Industrial Technology (ICIT),2018,[Front cover],Front cover,Dynamics,
2,IEEE International Conference on Industrial Technology (ICIT),2018,ICIT 2018 organizing committees,Icit 2018 organizing committees,Dynamics,
3,IEEE International Conference on Industrial Technology (ICIT),2018,Technical program reviewers,Technical program reviewers,Dynamics,
4,IEEE International Conference on Industrial Technology (ICIT),2018,Invited speakers,Invited speakers,Dynamics,
5,IEEE International Conference on Industrial Technology (ICIT),2018,"TT Control Systems, Robotics and Mechatronics",Tt control systems,Robotics,
6,IEEE International Conference on Industrial Technology (ICIT),2018,A hybrid strategy for robot navigation in semi-structured environments,Structured environments,Robotics,
7,IEEE International Conference on Industrial Technology (ICIT),2018,A study of acceleration control system via industrial motion network,Acceleration control system via industrial motion network,AI,
8,IEEE International Conference on Industrial Technology (ICIT),2018,A study on the L∞/L2 performance of a computed torque controller,L ∞/ l2 performance,Control,
9,IEEE International Conference on Industrial Technology (ICIT),2018,Actuator dynamics augmented DOBC for a small scale fixed wing UAV,Small scale fixed wing uav,Electronics,
10,IEEE International Conference on Industrial Technology (ICIT),2018,Adaptive passivity-based control for output voltage tracking of single-inductor dual-output buck converters,Output voltage tracking,Electronics,
11,IEEE International Conference on Industrial Technology (ICIT),2018,Adaptive super twisting control of linear induction motor considering dynamic end effects,Linear induction motor considering dynamic end effects,Control,
12,IEEE International Conference on Industrial Technology (ICIT),2018,Advanced process control aimed at energy efficiency improvement in process industries,Advanced process control aimed,Control,
13,IEEE International Conference on Industrial Technology (ICIT),2018,All-terrain estimation for mobile robots in precision agriculture,Terrain estimation,Robotics,
14,IEEE International Conference on Industrial Technology (ICIT),2018,An effective neuron based method for process control in industrial environment,Effective neuron based method,Control,
15,IEEE International Conference on Industrial Technology (ICIT),2018,An effective strategy of real-time vision-based control for a Stewart platform,Time vision,Control,
16,IEEE International Conference on Industrial Technology (ICIT),2018,Anti-swing design for overhead crane based on dual sliding mode control,Dual sliding mode control,Control,
17,IEEE International Conference on Industrial Technology (ICIT),2018,Automatic parameter learning for easy instruction of industrial collaborative robots,Industrial collaborative robots,AI,
18,IEEE International Conference on Industrial Technology (ICIT),2018,Bond graph modeling and analysis of intermediary cooling system of a nuclear power plants,Nuclear power plants,Modeling,
19,IEEE International Conference on Industrial Technology (ICIT),2018,Contact force control of tilt-rotor helicopter in 2-dimensional space,Contact force control,Electronics,
20,IEEE International Conference on Industrial Technology (ICIT),2018,Control for stochastic tracking error minimization based on state entropy with neural network,Stochastic tracking error minimization based,AI,
21,IEEE International Conference on Industrial Technology (ICIT),2018,Control signal weighting for robot formation,Control signal weighting,Robotics,
22,IEEE International Conference on Industrial Technology (ICIT),2018,Coordinated system with tracking-position and flying-height controls for magnetic heads in HDDs,Magnetic heads,Electronics,
23,IEEE International Conference on Industrial Technology (ICIT),2018,Cyclic gait planning and control of underactuated five-link biped robot during single support and impact phases for normal walking,Link biped robot,Robotics,
24,IEEE International Conference on Industrial Technology (ICIT),2018,DC microgrid voltage stability by dynamic feedback linearization,Dc microgrid voltage stability,Electronics,
25,IEEE International Conference on Industrial Technology (ICIT),2018,Decentralized observer-based fuzzy control for interconnected networked control systems with quantization and random packets dropout,Interconnected networked control systems,AI,
26,IEEE International Conference on Industrial Technology (ICIT),2018,Design of a skill-learning system based on human-motion reproduction,Learning system based,AI,
27,IEEE International Conference on Industrial Technology (ICIT),2018,Dual arm robot manipulator for grasping boxes of different dimensions in a logistics warehouse,Dual arm robot manipulator,Robotics,
28,IEEE International Conference on Industrial Technology (ICIT),2018,Dynamic properties of velocity fields encoding contouring tasks for feedback control design,Velocity fields encoding contouring tasks,Electronics,
29,IEEE International Conference on Industrial Technology (ICIT),2018,Experimental operability evaluation of remote control with force feedback for mobile robot,Experimental operability evaluation,Robotics,
30,IEEE International Conference on Industrial Technology (ICIT),2018,Feedback linearization approach to fault tolerance for a micro quadrotor,Feedback linearization approach,Electronics,
31,IEEE International Conference on Industrial Technology (ICIT),2018,FLC-based PID controller tuning for sensorless speed control of DC motor,Based pid controller tuning,Electronics,
32,IEEE International Conference on Industrial Technology (ICIT),2018,Fuel optimal control of an off-road transport mission,Road transport mission,Optimization,
33,IEEE International Conference on Industrial Technology (ICIT),2018,General parametric and periodic uncertainties and time delay robust control design toolbox,Time delay robust control design toolbox,Uncertainty quantification,
34,IEEE International Conference on Industrial Technology (ICIT),2018,Hand gesture recognition using force myography of the forearm activities and optimized features,Hand gesture recognition using force myography,AI,
35,IEEE International Conference on Industrial Technology (ICIT),2018,Hardware in the Loop (HiL) testing of a human electric hybrid vehicle,Human electric hybrid vehicle,Vehicle dynamics,
36,IEEE International Conference on Industrial Technology (ICIT),2018,Implementation of a fault diagnosis system using neural networks for solar panel,Fault diagnosis system using neural networks,AI,
37,IEEE International Conference on Industrial Technology (ICIT),2018,Improvement of H∞ controller by using RBode plot for magnetic-head positioning system in HDDs,Using rbode plot,Control,
38,IEEE International Conference on Industrial Technology (ICIT),2018,Improvement of the ATS system for safety on the three-aspect railway signaling system in conventional line,Aspect railway signaling system,Dynamics,
39,IEEE International Conference on Industrial Technology (ICIT),2018,Liquid feeding system using cooperative towing by multiple drones — 2nd Report: Position estimation of each drones based on catenary theory and tensile force of tube,Liquid feeding system using cooperative towing,Measurements,
40,IEEE International Conference on Industrial Technology (ICIT),2018,Low-order multivariable weighting function design for H∞ loop shaping method based on ν-gap,H ∞ loop shaping method based,Dynamics,
41,IEEE International Conference on Industrial Technology (ICIT),2018,Microcontroller of the power supply of a fast field cycling relaxometer,Fast field cycling relaxometer,Control,
42,IEEE International Conference on Industrial Technology (ICIT),2018,Modeling and control of a new aerial manipulation system of a Hybrid Ground Aerial Robot,New aerial manipulation system,Robotics,
43,IEEE International Conference on Industrial Technology (ICIT),2018,Modeling and experimental validation of the influence of robot temperature on its energy consumption,Robot temperature,Robotics,
44,IEEE International Conference on Industrial Technology (ICIT),2018,Multi-objective grasshopper optimization algorithm for robot path planning in static environments,Objective grasshopper optimization algorithm,Robotics,
45,IEEE International Conference on Industrial Technology (ICIT),2018,Nonlinear PID control of electrical flexible joint robots-Theory and experimental verification,Electrical flexible joint robots,Robotics,
46,IEEE International Conference on Industrial Technology (ICIT),2018,Optimal dosing of bulk material using mass-flow estimation and DEM simulation,Bulk material using mass,Measurements,
47,IEEE International Conference on Industrial Technology (ICIT),2018,Optimal motion planning of mobile manipulators with minimum number of platform movements,Optimal motion planning,Robotics,
48,IEEE International Conference on Industrial Technology (ICIT),2018,Periodically monotonic tracking using intermittent control with multirate output feedback,Periodically monotonic tracking using intermittent control,Electronics,
49,IEEE International Conference on Industrial Technology (ICIT),2018,Plant-input-mapping discretization in state-space form,Space form,Electronics,
50,IEEE International Conference on Industrial Technology (ICIT),2018,Position control of 2-DOF resonant system based on modal-space control design,Dof resonant system based,Electronics,
51,IEEE International Conference on Industrial Technology (ICIT),2018,Power control of an electric arc furnace using intelligent techniques,Electric arc furnace using intelligent techniques,Electronics,
52,IEEE International Conference on Industrial Technology (ICIT),2018,Recurrent neural network based second order sliding mode control of redundant robot manipulators,Recurrent neural network based second order sliding mode control,AI,
53,IEEE International Conference on Industrial Technology (ICIT),2018,Robust polygon-based localization,Robust polygon,Dynamics,
54,IEEE International Conference on Industrial Technology (ICIT),2018,Synthesis of model-free control for system with time-varying communication delay,Varying communication delay,Control,
55,IEEE International Conference on Industrial Technology (ICIT),2018,The effect of prediction horizons in MPC for first order linear systems,First order linear systems,Dynamics,
56,IEEE International Conference on Industrial Technology (ICIT),2018,Tracking control and synchronization of Bhalekar-Gejji chaotic systems using active backstepping control,Gejji chaotic systems using active backstepping control,Electronics,
57,IEEE International Conference on Industrial Technology (ICIT),2018,Voting algorithm approach for autonomous vehicle safe driving,Autonomous vehicle safe driving,Vehicle dynamics,
58,IEEE International Conference on Industrial Technology (ICIT),2018,TT electrical machines and drives,Tt electrical machines,Electronics,
59,IEEE International Conference on Industrial Technology (ICIT),2018,Analytical modelling of a parametrized switched reluctance motor with adapting flux tube method,Parametrized switched reluctance motor,Modeling,
60,IEEE International Conference on Industrial Technology (ICIT),2018,Applying NIALM technology to predictive maintenance for industrial machines,Applying nialm technology,Electronics,
61,IEEE International Conference on Industrial Technology (ICIT),2018,Claw pole generator with adapted efficiency curve for small scale wind turbines,Small scale wind turbines,Dynamics,
62,IEEE International Conference on Industrial Technology (ICIT),2018,Comparative analysis of 4/2 and 6/4 poles switched reluctance motors for electric supercharger,4 poles switched reluctance motors,Numerical analysis,
63,IEEE International Conference on Industrial Technology (ICIT),2018,Current sensor fault-tolerant control scheme for induction machine in electric vehicle applications using RISE-algebraic estimation approach,Electric vehicle applications using rise,Vehicle dynamics,
64,IEEE International Conference on Industrial Technology (ICIT),2018,Detection of a two-level inverter open-circuit fault using the discrete wavelet transforms technique,Discrete wavelet transforms technique,Dynamics,
65,IEEE International Conference on Industrial Technology (ICIT),2018,Development of a robust sliding mode observer for the rotor time constant inverse of the induction motor,Rotor time constant inverse,Dynamics,
66,IEEE International Conference on Industrial Technology (ICIT),2018,Electromagnetic design of a permanent magnet Flux-Switching-Machine as a direct-driven 3 MW wind power generator,Driven 3 mw wind power generator,Electronics,
67,IEEE International Conference on Industrial Technology (ICIT),2018,Energy efficient drive system for domestic and agriculture applications: A comparative study of SPIM and SRM drives,Energy efficient drive system,Dynamics,
68,IEEE International Conference on Industrial Technology (ICIT),2018,Evaluation of an evaporative cooling solution for hybrid and electrical vehicles motors,Evaporative cooling solution,Vehicle dynamics,
69,IEEE International Conference on Industrial Technology (ICIT),2018,Experimental investigation of energy consumption of VFD and ON/OFF A/C systems in residential area in Saudi Arabia,Saudi arabia,Dynamics,
70,IEEE International Conference on Industrial Technology (ICIT),2018,Fault classification of outer-race bearing damage in low-voltage induction motor with aid of fourier analysis and SVM,Voltage induction motor,Electronics,
71,IEEE International Conference on Industrial Technology (ICIT),2018,Improvement of power quality and reliability in the distribution system of petrochemical plants using active power filters,Petrochemical plants using active power filters,Electronics,
72,IEEE International Conference on Industrial Technology (ICIT),2018,Improvised direct torque control strategies of open end winding PMSM fed with multi-level inversion,Open end winding pmsm fed,Control,
73,IEEE International Conference on Industrial Technology (ICIT),2018,Induction machine rotor and stator faults detection by applying the DTW and N-F network,Stator faults detection,AI,
74,IEEE International Conference on Industrial Technology (ICIT),2018,Interturn fault diagnosis in brushless direct current motors — A review,Brushless direct current motors —,Dynamics,
75,IEEE International Conference on Industrial Technology (ICIT),2018,"Investigation of energy saving in HVAC systems: Modeling, simulation, and measurement using fuzzy logic controller",Measurement using fuzzy logic controller,Measurements,
76,IEEE International Conference on Industrial Technology (ICIT),2018,Investigation of the influence of open-phase faults on noise and vibrations of switched reluctance machines,Switched reluctance machines,Electronics,
77,IEEE International Conference on Industrial Technology (ICIT),2018,Magnetic circuits and materials for excitation of magnetocaloric systems,Magnetocaloric systems,Dynamics,
78,IEEE International Conference on Industrial Technology (ICIT),2018,Multi voltage converter for rail interoperability,Multi voltage converter,Dynamics,
79,IEEE International Conference on Industrial Technology (ICIT),2018,Multi-barrier two-pole line-start synchronous reluctance motor with high saliency for a bore-well submersible pump,Start synchronous reluctance motor,Dynamics,
80,IEEE International Conference on Industrial Technology (ICIT),2018,Performance investigation of generalized predictive position control for a PMSM in view of reference trajectory tracking,Generalized predictive position control,Electronics,
81,IEEE International Conference on Industrial Technology (ICIT),2018,Permanent magnet generator q-axis inductance adaptation using high-frequency signal injection,Axis inductance adaptation using high,Dynamics,
82,IEEE International Conference on Industrial Technology (ICIT),2018,Position sensorless control for wound-field synchronous motor with double three-phase wound stator using extended electromotive force model,Phase wound stator using extended electromotive force model,Electronics,
83,IEEE International Conference on Industrial Technology (ICIT),2018,Predictive torque control strategy of an Open-End Winding Induction Motor Drive with less common-mode voltage,End winding induction motor drive,Control,
84,IEEE International Conference on Industrial Technology (ICIT),2018,Radial excitation force generated by permanent magnet motor using d-axis current injection,Radial excitation force generated,Dynamics,
85,IEEE International Conference on Industrial Technology (ICIT),2018,Research on direct torque control of switched reluctance motor with improved commutation strategy,Switched reluctance motor,Control,
86,IEEE International Conference on Industrial Technology (ICIT),2018,Sensorless control of switched reluctance motor for EV application using a sliding mode observer with unknown inputs,Switched reluctance motor,Control,
87,IEEE International Conference on Industrial Technology (ICIT),2018,Sensorless control of Switched Reluctance Motor with unknown load torque for EV application using Extended Kalman Filter and second order sliding mode observer,Ev application using extended kalman filter,Control,
88,IEEE International Conference on Industrial Technology (ICIT),2018,Simplified model to solve double noise problems during acceleration of induction motors,Solve double noise problems,Electronics,
89,IEEE International Conference on Industrial Technology (ICIT),2018,Sliding mode speed and load torque observer for core and copper loss minimization control of the induction motor drive,Copper loss minimization control,Control,
90,IEEE International Conference on Industrial Technology (ICIT),2018,Theoretical and experimental analysis of controllability of a novel bearingless rotary-linear reluctance motor with optimal chessboard toothing,Optimal chessboard toothing,Optimization,
91,IEEE International Conference on Industrial Technology (ICIT),2018,Toroidal winding with fictitious slots for high speed permanent magnet synchronous motors,High speed permanent magnet synchronous motors,Dynamics,
92,IEEE International Conference on Industrial Technology (ICIT),2018,Toward self-sensing of an electrostatic film motor using driving currents,Electrostatic film motor using driving currents,Electronics,
93,IEEE International Conference on Industrial Technology (ICIT),2018,TT power electronics,Tt power electronics,Electronics,
94,IEEE International Conference on Industrial Technology (ICIT),2018,A 100 kW 1.2 kV 20 kHz DC-DC converter prototype based on the Dual Active Bridge topology,2 kv 20 khz dc,Electronics,
95,IEEE International Conference on Industrial Technology (ICIT),2018,A CAN network architecture for gate drivers dedicated to wide band gap components,Wide band gap components,AI,
96,IEEE International Conference on Industrial Technology (ICIT),2018,Switched capacitor with dimming feature to feed LED tubular lamp,Feed led tubular lamp,Electronics,
97,IEEE International Conference on Industrial Technology (ICIT),2018,A fast algorithm for software implementation of state-space control of DC-DC converters,Space control,Algorithm,
98,IEEE International Conference on Industrial Technology (ICIT),2018,A new high resolution PWM dimming strategy for LED lightings,New high resolution pwm dimming strategy,Dynamics,
99,IEEE International Conference on Industrial Technology (ICIT),2018,A new inductorless DC-DC piezoelectric flyback converter,Dc piezoelectric flyback converter,Electronics,
100,IEEE International Conference on Industrial Technology (ICIT),2018,A new modular neutral point clamped converter with space vector modulation control,New modular neutral point clamped converter,Electronics,
101,IEEE International Conference on Industrial Technology (ICIT),2018,A novel diode open circuit fault detection in three phase rectifier based on k-means method,Novel diode open circuit fault detection,Dynamics,
102,IEEE International Conference on Industrial Technology (ICIT),2018,A robust neutral point potential control for single phase three level rectifier based on the multiple degree of freedom,Single phase three level rectifier based,Control,
103,IEEE International Conference on Industrial Technology (ICIT),2018,A source transfer switch for the AC power source,Source transfer switch,Electronics,
104,IEEE International Conference on Industrial Technology (ICIT),2018,A vector modulation strategy for open-end winding conversion systems,End winding conversion systems,Dynamics,
105,IEEE International Conference on Industrial Technology (ICIT),2018,An accurate electro-thermal model of SiC power mosfets for fast simulations,Sic power mosfets,Electronics,
106,IEEE International Conference on Industrial Technology (ICIT),2018,An isolated dual-input LCLC resonant converter for hybrid energy systems,Input lclc resonant converter,Dynamics,
107,IEEE International Conference on Industrial Technology (ICIT),2018,Communication aspects in the distributed control architecture of a modular multilevel converter,Modular multilevel converter,Control,
108,IEEE International Conference on Industrial Technology (ICIT),2018,Compact mixed cell modular multilevel converter,Compact mixed cell modular multilevel converter,Electronics,
109,IEEE International Conference on Industrial Technology (ICIT),2018,Comparative study of two-quadrant DC/DC stage in power supply for superconducting magnets,Superconducting magnets,Electronics,
110,IEEE International Conference on Industrial Technology (ICIT),2018,Continuous-caliber semiconductor components,Caliber semiconductor components,Dynamics,
111,IEEE International Conference on Industrial Technology (ICIT),2018,Dc-link current and voltage ripple harmonics in three-phase three-level flying capacitor inverters with sinusoidal carrier-based PWM,Level flying capacitor inverters,Electronics,
112,IEEE International Conference on Industrial Technology (ICIT),2018,Design level power electronics building block: Industrial framework for DC-DC conversion,Design level power electronics building block,Electronics,
113,IEEE International Conference on Industrial Technology (ICIT),2018,Design of a 4-phase intercell transformer converter for a space charge measuring system,Space charge measuring system,Measurements,
114,IEEE International Conference on Industrial Technology (ICIT),2018,Design of an adaptive feed-forward control scheme for the DC bus voltage control of single phase grid connected converters,Single phase grid connected converters,Electronics,
115,IEEE International Conference on Industrial Technology (ICIT),2018,"Design procedure for the LPF of a three-phase SPWM VSC operating with a wide range of output power, voltage and frequency with low harmonic distortion",Phase spwm vsc operating,Dynamics,
116,IEEE International Conference on Industrial Technology (ICIT),2018,"Design, manufacturing and characterization of printed circuit board embedded inductors for power applications",Printed circuit board embedded inductors,Electronics,
117,IEEE International Conference on Industrial Technology (ICIT),2018,Developing a high current 48V DC power supply: Design approaches based on SCALDO,High current 48v dc power supply,Electronics,
118,IEEE International Conference on Industrial Technology (ICIT),2018,Development of models and tool for the design of HF magnetic components in power electronics,Hf magnetic components,Electronics,
119,IEEE International Conference on Industrial Technology (ICIT),2018,Efficiency enhanced linear DC-DC converter topology with integrated DC-UPS capability,Efficiency enhanced linear dc,Electronics,
120,IEEE International Conference on Industrial Technology (ICIT),2018,Evaluation of 1.7 kV SiC MOSFETs for a regenerative cascaded H-bridge multilevel converter cell,Bridge multilevel converter cell,Dynamics,
121,IEEE International Conference on Industrial Technology (ICIT),2018,Frequency control of MMC-HVDC based on active and reactive power decoupling,Reactive power decoupling,Electronics,
122,IEEE International Conference on Industrial Technology (ICIT),2018,High-temperature coplanar transformer,Temperature coplanar transformer,Dynamics,
123,IEEE International Conference on Industrial Technology (ICIT),2018,Highly reliable operation control for MMC-UPFC under unbalanced power grid conditions,Unbalanced power grid conditions,Control,
124,IEEE International Conference on Industrial Technology (ICIT),2018,Implementation of monolithic bidirectional switches in a AC/DC Dual Active Bridge in ZVS auto-switching mode,Dc dual active bridge,Electronics,
125,IEEE International Conference on Industrial Technology (ICIT),2018,Magnetic field radiated by integrated inductors and magnetic shielding,Magnetic field radiated,Dynamics,
126,IEEE International Conference on Industrial Technology (ICIT),2018,Method to reduce THD and improve efficiency in SiC power converter,Sic power converter,Dynamics,
127,IEEE International Conference on Industrial Technology (ICIT),2018,Model predictive control of a five-level nested neutral point clamped converter,Level nested neutral point clamped converter,Control,
128,IEEE International Conference on Industrial Technology (ICIT),2018,Modelling and control of a new hybrid compensator for grid power fluctuations,New hybrid compensator,Control,
129,IEEE International Conference on Industrial Technology (ICIT),2018,Modified L-Z-source inverter with high gain inversion and inductive load compatibility,Inductive load compatibility,Dynamics,
130,IEEE International Conference on Industrial Technology (ICIT),2018,Modified SEPIC boost converter with constant switching frequency modulation using sliding mode controller,Constant switching frequency modulation using sliding mode controller,Control,
131,IEEE International Conference on Industrial Technology (ICIT),2018,Optimum design of a single-phase Power Pulsating Buffer (PPB) with PCB-integrated inductor technologies,Phase power pulsating buffer,Optimization,
132,IEEE International Conference on Industrial Technology (ICIT),2018,Parallel feedforward compensation based active damping of LCL-type grid connected inverter,Parallel feedforward compensation based active damping,Electronics,
133,IEEE International Conference on Industrial Technology (ICIT),2018,Performance analysis of switching devices for wireless EV charging systems,Wireless ev charging systems,Electronics,
134,IEEE International Conference on Industrial Technology (ICIT),2018,Power balance technique for cascaded H-bridge multilevel cells in a hybrid power amplifier with wide output voltage range,Wide output voltage range,Dynamics,
135,IEEE International Conference on Industrial Technology (ICIT),2018,Predictive direct power control with virtual-flux estimation of three-phase PWM rectifiers under nonideal grid voltages,Predictive direct power control,Measurements,
136,IEEE International Conference on Industrial Technology (ICIT),2018,Real-time implementation of an enhanced dynamic phasor-based three-phase phase-locked loop for line-commutated converters,Enhanced dynamic phasor,Numerical analysis,
137,IEEE International Conference on Industrial Technology (ICIT),2018,Research on a novel hybrid transformer for smart distribution network,Smart distribution network,AI,
138,IEEE International Conference on Industrial Technology (ICIT),2018,Review on SiC-MOSFET devices and associated gate drivers,Associated gate drivers,Dynamics,
139,IEEE International Conference on Industrial Technology (ICIT),2018,Robustness study of 1700 V 45 mΩ SiC MOSFETs,1700 v 45 mω sic mosfets,Dynamics,
140,IEEE International Conference on Industrial Technology (ICIT),2018,Self-powered bipolar gate-driver power supply circuit for neutral-point-clamped converters,Driver power supply circuit,Dynamics,
141,IEEE International Conference on Industrial Technology (ICIT),2018,SiC lateral Schottky diode technology for integrated smart power converter,Sic lateral schottky diode technology,Smart technologies,
142,IEEE International Conference on Industrial Technology (ICIT),2018,Switching trajectory improvement of SiC MOSFET devices using a feedback gate driver,Sic mosfet devices using,Electronics,
143,IEEE International Conference on Industrial Technology (ICIT),2018,The effect of an electromagnetic peening process on mumetal properties,Electromagnetic peening process,Electronics,
144,IEEE International Conference on Industrial Technology (ICIT),2018,TT renewable energy systems,Tt renewable energy systems,Dynamics,
145,IEEE International Conference on Industrial Technology (ICIT),2018,A data-driven approach to forecasting the distribution of distributed photovoltaic systems,Distributed photovoltaic systems,Electronics,
146,IEEE International Conference on Industrial Technology (ICIT),2018,A new energy management strategy for a grid connected wind turbine-battery storage power plant,New energy management strategy,Dynamics,
147,IEEE International Conference on Industrial Technology (ICIT),2018,ADALINE based maximum power point tracking methods for stand-alone PV systems control,Adaline based maximum power point tracking methods,Electronics,
148,IEEE International Conference on Industrial Technology (ICIT),2018,Application of LISST instrument for suspended sediment and erosive wear prediction in run-of-river hydropower plants,River hydropower plants,Dynamics,
149,IEEE International Conference on Industrial Technology (ICIT),2018,Bidirectional partial power converter interface for energy storage systems to provide peak shaving in grid-tied PV plants,Bidirectional partial power converter interface,Electronics,
150,IEEE International Conference on Industrial Technology (ICIT),2018,Choice of converter scheme and turbine specification for stand-alone wind energy conversion system,Alone wind energy conversion system,Dynamics,
151,IEEE International Conference on Industrial Technology (ICIT),2018,Comparison of self cold start strategies of automotive Proton Exchange Membrane Fuel Cell,Automotive proton exchange membrane fuel cell,Dynamics,
152,IEEE International Conference on Industrial Technology (ICIT),2018,Comparison of several neural network perturb and observe MPPT methods for photovoltaic applications,Several neural network perturb,AI,
153,IEEE International Conference on Industrial Technology (ICIT),2018,Coordinated control technique of PMSG based wind energy conversion system during repetitive grid fault,Pmsg based wind energy conversion system,Control,
154,IEEE International Conference on Industrial Technology (ICIT),2018,Current equalization of mismatched PV panels based on a capacitor energy storage,Mismatched pv panels based,Electronics,
155,IEEE International Conference on Industrial Technology (ICIT),2018,Data-driven approach for isolated PV shading fault diagnosis based on experimental I-V curves analysis,Isolated pv shading fault diagnosis based,Electronics,
156,IEEE International Conference on Industrial Technology (ICIT),2018,Demonstrating a predictive control system for a ground source heat pump: A case study from an industry-university-government cooperation project for renewable energy technologies in Japan,Ground source heat pump,Control,
157,IEEE International Conference on Industrial Technology (ICIT),2018,"Design, modeling, and simulation of a photovoltaic water pumping system",Photovoltaic water pumping system,Modeling,
158,IEEE International Conference on Industrial Technology (ICIT),2018,Dynamic modelling and control of a PV generator for large scale applications,Large scale applications,Control,
159,IEEE International Conference on Industrial Technology (ICIT),2018,Efficiency enhancement of PV cell emulating system in connection mode,Pv cell emulating system,Dynamics,
160,IEEE International Conference on Industrial Technology (ICIT),2018,Electrical characterizer of photovoltaic modules using the DC/DC Ćuk converter,Photovoltaic modules using,Electronics,
161,IEEE International Conference on Industrial Technology (ICIT),2018,Empirical investigation and Simulink-simulation modelling of hydropower generator characteristic impedance,Hydropower generator characteristic impedance,Electronics,
162,IEEE International Conference on Industrial Technology (ICIT),2018,Energy management strategy for hybrid power systems based on moving average filters and power forecasting,Hybrid power systems based,Dynamics,
163,IEEE International Conference on Industrial Technology (ICIT),2018,Experimental investigation of new designed solar parabolic trough collectors,New designed solar parabolic trough collectors,Dynamics,
164,IEEE International Conference on Industrial Technology (ICIT),2018,Extending battery life of smartphones by overcoming idle power consumption using ambient light energy harvesting,Overcoming idle power consumption using ambient light energy harvesting,Smart technologies,
165,IEEE International Conference on Industrial Technology (ICIT),2018,Fabrication of cantilever MEMs structure of C-axis grown AlN film for energy harvester application,Axis grown aln film,Dynamics,
166,IEEE International Conference on Industrial Technology (ICIT),2018,Hybrid full bridge-half bridge MML power converter for HVDC diode rectifier connection of large off-shore wind farms,Half bridge mml power converter,Electronics,
167,IEEE International Conference on Industrial Technology (ICIT),2018,Improved Lyapunov function based control approach for single-stage inverter grid interfacing solar photovoltaic system,Stage inverter grid interfacing solar photovoltaic system,Electronics,
168,IEEE International Conference on Industrial Technology (ICIT),2018,Innovative real-time energy management by using portfolio algorithms,Using portfolio algorithms,Algorithm,
169,IEEE International Conference on Industrial Technology (ICIT),2018,On the business case for merchant solar,Merchant solar,Dynamics,
170,IEEE International Conference on Industrial Technology (ICIT),2018,Local hierarchical control for industrial microgrids with improved frequency regulation,Local hierarchical control,Control,
171,IEEE International Conference on Industrial Technology (ICIT),2018,Loss minimisation strategy for DFIG in wind turbine considering iron losses,Wind turbine considering iron losses,Dynamics,
172,IEEE International Conference on Industrial Technology (ICIT),2018,Measurement of the I(V) characteristics of photovoltaic arrays by the capacitive load method for fault detection,Capacitive load method,Measurements,
173,IEEE International Conference on Industrial Technology (ICIT),2018,Multi-objective optimization for scheduling isolated microgrids,Scheduling isolated microgrids,Optimization,
174,IEEE International Conference on Industrial Technology (ICIT),2018,Optimal sizing and performance evaluation of a renewable energy based microgrid in future seaports,Renewable energy based microgrid,Optimization,
175,IEEE International Conference on Industrial Technology (ICIT),2018,Optimization and layout of a wind farm connected to a power distribution system,Wind farm connected,Optimization,
176,IEEE International Conference on Industrial Technology (ICIT),2018,Photovoltaic plant cloud shadowing and energy drops in Northern Europe,Photovoltaic plant cloud shadowing,Dynamics,
177,IEEE International Conference on Industrial Technology (ICIT),2018,PV modeling methods of an off-grid experimental microgrid,Pv modeling methods,Modeling,
178,IEEE International Conference on Industrial Technology (ICIT),2018,Robust multi-objective optimization of a photovoltaic system with grid connection,Robust multi,Optimization,
179,IEEE International Conference on Industrial Technology (ICIT),2018,Towards reliable microgrids — An economic and environmental evaluation,Towards reliable microgrids —,Dynamics,
180,IEEE International Conference on Industrial Technology (ICIT),2018,"Variable speed micro-hydro power plant: Modelling, losses analysis, and experiment validation",Variable speed micro,Modeling,
181,IEEE International Conference on Industrial Technology (ICIT),2018,Wind turbine power output prediction model design based on artificial neural networks and climatic spatiotemporal data,Wind turbine power output prediction model design based,AI,
182,IEEE International Conference on Industrial Technology (ICIT),2018,TT power systems and smart grids,Tt power systems,Smart technologies,
183,IEEE International Conference on Industrial Technology (ICIT),2018,A contract for demand response based on probability of call,Demand response based,Electronics,
184,IEEE International Conference on Industrial Technology (ICIT),2018,A deployable electrical load forecasting solution for commercial buildings,Deployable electrical load forecasting solution,Dynamics,
185,IEEE International Conference on Industrial Technology (ICIT),2018,A differential flatness theory-based control approach for steam-turbine power generation units,Turbine power generation units,Electronics,
186,IEEE International Conference on Industrial Technology (ICIT),2018,A novel approach to incentive based energy sharing among neighbourhood smart homes,Incentive based energy sharing among neighbourhood smart homes,Smart technologies,
187,IEEE International Conference on Industrial Technology (ICIT),2018,A novel damping strategy for low frequency oscillation suppression with MMC-type unified power flow controller,Type unified power flow controller,Control,
188,IEEE International Conference on Industrial Technology (ICIT),2018,A novel robust PLL algorithm applied to the control of a shunt active power filter using a self tuning filter concept,Novel robust pll algorithm applied,Algorithm,
189,IEEE International Conference on Industrial Technology (ICIT),2018,A scalable approach to efficient house power consumption and CO2 management through fuzzy logic,Efficient house power consumption,Electronics,
190,IEEE International Conference on Industrial Technology (ICIT),2018,A strategy for residential demand response management in modern electricity markets,Residential demand response management,Dynamics,
191,IEEE International Conference on Industrial Technology (ICIT),2018,An economic customer-oriented demand response model in electricity markets,Oriented demand response model,Modeling,
192,IEEE International Conference on Industrial Technology (ICIT),2018,An overall power flow algorithm to control the active power transfer at PCC in LV-distribution network,Overall power flow algorithm,AI,
193,IEEE International Conference on Industrial Technology (ICIT),2018,Analysis of 132kV/33kV 15MVA power transformer dissolved gas using transport-X Kelman Kit through Duval's triangle and Roger's Ratio prediction,33kv 15mva power transformer dissolved gas using transport,Numerical analysis,
194,IEEE International Conference on Industrial Technology (ICIT),2018,ANFIS based load frequency control in an isolated micro grid,Anfis based load frequency control,Control,
195,IEEE International Conference on Industrial Technology (ICIT),2018,Automatic reactive power compensation of an isolated wind-diesel hybrid grid,Automatic reactive power compensation,Electronics,
196,IEEE International Conference on Industrial Technology (ICIT),2018,Contribution of electric vehicles for frequency regulation in presence of diverse power sources and transmission links,Diverse power sources,Vehicle dynamics,
197,IEEE International Conference on Industrial Technology (ICIT),2018,"Critical clearing time transformation upon renewables integration through static converters, a case in microgrids",Critical clearing time transformation upon renewables integration,Dynamics,
198,IEEE International Conference on Industrial Technology (ICIT),2018,Design and control of energy storage system for enhanced frequency response grid service,Enhanced frequency response grid service,Control,
199,IEEE International Conference on Industrial Technology (ICIT),2018,Distribution grid topology validation and identification by graph-based load profile analysis,Distribution grid topology validation,System identification,
200,IEEE International Conference on Industrial Technology (ICIT),2018,Effect of smart meter measurements data on distribution state estimation,Smart meter measurements data,Smart technologies,
201,IEEE International Conference on Industrial Technology (ICIT),2018,Enabling winter behavior analysis on electrically heated residential buildings by smart sub-metering,Enabling winter behavior analysis,Smart technologies,
202,IEEE International Conference on Industrial Technology (ICIT),2018,"Energy management strategies for smart home regarding uncertainties: State of the art, trends, and challenges",Smart home regarding uncertainties,Smart technologies,
203,IEEE International Conference on Industrial Technology (ICIT),2018,Fault characteristics analysis and protection design for MMC-UPFC with high reliability,Fault characteristics analysis,Electronics,
204,IEEE International Conference on Industrial Technology (ICIT),2018,Fault diagnosis of transformer based on KPCA and Elman neural network,Elman neural network,AI,
205,IEEE International Conference on Industrial Technology (ICIT),2018,Fault-ride-through performance improvement of a PMSG based wind energy systems via coordinated control of STATCOM,Pmsg based wind energy systems via coordinated control,Control,
206,IEEE International Conference on Industrial Technology (ICIT),2018,Influences on resonances between EMI filter capacitors and the utility grid,Emi filter capacitors,Electronics,
207,IEEE International Conference on Industrial Technology (ICIT),2018,Low voltage electrical distribution network analysis under load variation,Low voltage electrical distribution network analysis,AI,
208,IEEE International Conference on Industrial Technology (ICIT),2018,Model reduction of converters for the analysis of 100% power electronics transmission systems,Power electronics transmission systems,Electronics,
209,IEEE International Conference on Industrial Technology (ICIT),2018,Optimising Indonesia's electricity market structure: Evidence of Sumatra and Java-Bali power system,Electricity market structure,Optimization,
210,IEEE International Conference on Industrial Technology (ICIT),2018,"Power system control with renewable sources, storages and power electronic converters",Power system control,Electronics,
211,IEEE International Conference on Industrial Technology (ICIT),2018,Reliability evaluation of smart grid system with large penetration of distributed energy resources,Smart grid system,Smart technologies,
212,IEEE International Conference on Industrial Technology (ICIT),2018,Scalability analysis of aggregation web services for smart grid fast automated demand response,Smart grid fast automated demand response,Smart technologies,
213,IEEE International Conference on Industrial Technology (ICIT),2018,Single phase load balancing in a three phase system at distribution and unit level,Single phase load balancing,Dynamics,
214,IEEE International Conference on Industrial Technology (ICIT),2018,Sizing of energy storage systems to enhance microgrid reliability,Enhance microgrid reliability,Dynamics,
215,IEEE International Conference on Industrial Technology (ICIT),2018,Smart grid real-time pricing optimization control with simulated annealing algorithm for office building air-conditioning facilities,Time pricing optimization control,Smart technologies,
216,IEEE International Conference on Industrial Technology (ICIT),2018,Statistical assessment of abrupt change detectors for non-intrusive load monitoring,Intrusive load monitoring,Dynamics,
217,IEEE International Conference on Industrial Technology (ICIT),2018,Voltage and power regulators guaranteeing stability of dc-links between DERs and the electricity grid,Power regulators guaranteeing stability,Electronics,
218,IEEE International Conference on Industrial Technology (ICIT),2018,Wireless communication technologies for smart grid (WAMS) deployment,Wireless communication technologies,Smart technologies,
219,IEEE International Conference on Industrial Technology (ICIT),2018,"TT sensors, actuators and micro-nanotechnology",Tt sensors,Electronics,
220,IEEE International Conference on Industrial Technology (ICIT),2018,A comparison between SVM and PLS for E-nose based gas concentration monitoring,Nose based gas concentration monitoring,Dynamics,
221,IEEE International Conference on Industrial Technology (ICIT),2018,Estimation of IMU orientation using linear Kalman Filter based on correntropy criterion,Imu orientation using linear kalman filter based,Measurements,
222,IEEE International Conference on Industrial Technology (ICIT),2018,FAT-based robust adaptive control of optical micro electro mechanical system,Optical micro electro mechanical system,Electronics,
223,IEEE International Conference on Industrial Technology (ICIT),2018,Towards miniaturized pH sensor based on carbon nanotubes assembled by DEP on titanium electrodes?,Towards miniaturized ph sensor based,Electronics,
224,IEEE International Conference on Industrial Technology (ICIT),2018,"TT cloud computing, big data and software engineering",Tt cloud computing,Dynamics,
225,IEEE International Conference on Industrial Technology (ICIT),2018,A Bayesian network based learning system for modelling faults in large-scale manufacturing,Bayesian network based learning system,AI,
226,IEEE International Conference on Industrial Technology (ICIT),2018,Cyber-physical systems security through multi-factor authentication and data analytics,Physical systems security,Electronics,
227,IEEE International Conference on Industrial Technology (ICIT),2018,Information and communication platform for providing smart community services: System implementation and use case in Saitama city,Providing smart community services,Smart technologies,
228,IEEE International Conference on Industrial Technology (ICIT),2018,Parking rank: A novel method of parking lots sorting and recommendation based on public information,Parking lots sorting,Dynamics,
229,IEEE International Conference on Industrial Technology (ICIT),2018,TT electronic systems on chip and embedded control,Tt electronic systems,Electronics,
230,IEEE International Conference on Industrial Technology (ICIT),2018,A distributed multicore real-time operating system family based on aspect-oriented programming,Time operating system family based,Numerical analysis,
231,IEEE International Conference on Industrial Technology (ICIT),2018,A solution to overcome some limitations of SDF based models,Sdf based models,Modeling,
232,IEEE International Conference on Industrial Technology (ICIT),2018,Design of an FPGA-based RRAM parameter measurement platform,Based rram parameter measurement platform,Measurements,
233,IEEE International Conference on Industrial Technology (ICIT),2018,FPGA realization of speech encryption based on modified chaotic logistic map,Modified chaotic logistic map,Dynamics,
234,IEEE International Conference on Industrial Technology (ICIT),2018,FPGA-based gait rehabilitation system,Based gait rehabilitation system,Dynamics,
235,IEEE International Conference on Industrial Technology (ICIT),2018,High-accuracy low-power energy metering chip without external crystal,Power energy metering chip without external crystal,Electronics,
236,IEEE International Conference on Industrial Technology (ICIT),2018,High-speed channel equalization scheme for 100 Gbps system,Speed channel equalization scheme,Dynamics,
237,IEEE International Conference on Industrial Technology (ICIT),2018,Quad driver for GaN transistors based dual active bridge with capacitive coupling,Gan transistors based dual active bridge,Electronics,
238,IEEE International Conference on Industrial Technology (ICIT),2018,Remote instruction call: An RPC approach on instructions for embedded multi-core systems,Remote instruction call,Electronics,
239,IEEE International Conference on Industrial Technology (ICIT),2018,Study of System-on-Chip devices to implement embedded real-time simulators of modular multi-level converters using high-level synthesis tools,Level converters using high,Numerical analysis,
240,IEEE International Conference on Industrial Technology (ICIT),2018,Task priority aware SoC-bus for embedded systems,Task priority aware soc,Dynamics,
241,IEEE International Conference on Industrial Technology (ICIT),2018,TT signal and image processing and computational intelligence,Tt signal,Dynamics,
242,IEEE International Conference on Industrial Technology (ICIT),2018,An evolutionary agents based system for data mining and local metric learning,Evolutionary agents based system,AI,
243,IEEE International Conference on Industrial Technology (ICIT),2018,An online incremental support vector machine for fault diagnosis using vibration signature analysis,Fault diagnosis using vibration signature analysis,Electronics,
244,IEEE International Conference on Industrial Technology (ICIT),2018,Analytical alignment for repairing micro patterns on transparent film in roll-to-roll process,Repairing micro patterns,Dynamics,
245,IEEE International Conference on Industrial Technology (ICIT),2018,Assessing the effect of transfer learning on myoelectric control systems with three electrode positions,Three electrode positions,AI,
246,IEEE International Conference on Industrial Technology (ICIT),2018,Automatic cattle identification based on fusion of texture features extracted from muzzle images,Automatic cattle identification based,System identification,
247,IEEE International Conference on Industrial Technology (ICIT),2018,Computerized radiogrammetry of third metacarpal using watershed and active appearance model,Third metacarpal using watershed,Electronics,
248,IEEE International Conference on Industrial Technology (ICIT),2018,Determination of conveyor carousels speeds for baggage separation,Conveyor carousels speeds,Dynamics,
249,IEEE International Conference on Industrial Technology (ICIT),2018,Doppler velocity measurement using closed-loop Goertzel algorithm in PLL technique,Doppler velocity measurement using closed,Algorithm,
250,IEEE International Conference on Industrial Technology (ICIT),2018,Generative adverserial networks for geometric surfaces prediction in injection molding: Performance analysis with Discrete Modal Decomposition,Geometric surfaces prediction,AI,
251,IEEE International Conference on Industrial Technology (ICIT),2018,Robust stochastic process models and parameter estimation for industrial end-of-line-testing,Robust stochastic process models,Measurements,
252,IEEE International Conference on Industrial Technology (ICIT),2018,Speech encryption using generalized modified chaotic logistic and tent maps,Speech encryption using generalized modified chaotic logistic,Dynamics,
253,IEEE International Conference on Industrial Technology (ICIT),2018,Tracking a 3D target with fusion of 2D radar and bearing-only sensor,3d target,Electronics,
254,IEEE International Conference on Industrial Technology (ICIT),2018,Unsupervised stress detection from remote physiological signal,Unsupervised stress detection,AI,
255,IEEE International Conference on Industrial Technology (ICIT),2018,Wastewater treatment plant monitoring via a deep learning approach,Wastewater treatment plant monitoring via,AI,
256,IEEE International Conference on Industrial Technology (ICIT),2018,"TT automation, communication, networking and informatics",Tt automation,AI,
257,IEEE International Conference on Industrial Technology (ICIT),2018,A proposal to make OCF and OPC UA interoperable,Opc ua interoperable,Dynamics,
258,IEEE International Conference on Industrial Technology (ICIT),2018,A reinforcement learning method for multi-AGV scheduling in manufacturing,Reinforcement learning method,AI,
259,IEEE International Conference on Industrial Technology (ICIT),2018,Adaptive control for building energy management using reinforcement learning,Building energy management using reinforcement learning,AI,
260,IEEE International Conference on Industrial Technology (ICIT),2018,An industry-oriented ontology-based knowledge model for batch process automation,Batch process automation,Modeling,
261,IEEE International Conference on Industrial Technology (ICIT),2018,Application of IEC 61499 to develop apps for open platforms,Open platforms,Dynamics,
262,IEEE International Conference on Industrial Technology (ICIT),2018,Communication-delay-caused errors in process monitoring scenarios,Process monitoring scenarios,Dynamics,
263,IEEE International Conference on Industrial Technology (ICIT),2018,Energy efficient industrial wireless system through cross layer optimization,Energy efficient industrial wireless system,Electronics,
264,IEEE International Conference on Industrial Technology (ICIT),2018,Keeping the digital twin up-to-date — Process monitoring to identify changes in a plant,Date — process monitoring,Smart technologies,
265,IEEE International Conference on Industrial Technology (ICIT),2018,Modeling of sub-GHz wave propagation in factories for reliable wireless communication,Reliable wireless communication,Electronics,
266,IEEE International Conference on Industrial Technology (ICIT),2018,Noninvasive control solution for energy efficiency in wastewater treatment plants,Wastewater treatment plants,Control,
267,IEEE International Conference on Industrial Technology (ICIT),2018,One-bit compressive sensing vs. multi-bit compressive sensing for cognitive radio networks,Bit compressive sensing vs,AI,
268,IEEE International Conference on Industrial Technology (ICIT),2018,Optimized resource allocation for cascaded communication networks in factory automation,Optimized resource allocation,AI,
269,IEEE International Conference on Industrial Technology (ICIT),2018,Providing process-centered key performance indicators for system management,Centered key performance indicators,Dynamics,
270,IEEE International Conference on Industrial Technology (ICIT),2018,Reconciling security with virtualization: A dual-hypervisor design for ARM TrustZone,Reconciling security,Dynamics,
271,IEEE International Conference on Industrial Technology (ICIT),2018,Space heating control using acceptable set-point temperature estimation by a statistical approach in the lyon smart community project,Space heating control using acceptable set,Smart technologies,
272,IEEE International Conference on Industrial Technology (ICIT),2018,Supporting temporal and spatial isolation in a hypervisor for ARM multicore platforms,Arm multicore platforms,Dynamics,
273,IEEE International Conference on Industrial Technology (ICIT),2018,Throttled service calls in OPC UA,Throttled service calls,Dynamics,
274,IEEE International Conference on Industrial Technology (ICIT),2018,Usable cryptographic QR codes,Usable cryptographic qr codes,Dynamics,
275,IEEE International Conference on Industrial Technology (ICIT),2018,"TT energy transportation, energy management and HVDC supergrid",Tt energy transportation,Electronics,
276,IEEE International Conference on Industrial Technology (ICIT),2018,A review of the protection algorithms for multi-terminal VCD-HVDC grids,Terminal vcd,Algorithm,
277,IEEE International Conference on Industrial Technology (ICIT),2018,Control functions for a radially operated three-terminal VSC-HVDC system: The SA.CO.I. HVDC case,Radially operated three,Electronics,
278,IEEE International Conference on Industrial Technology (ICIT),2018,Development of a partial discharge testing system for potential transformers,Partial discharge testing system,Dynamics,
279,IEEE International Conference on Industrial Technology (ICIT),2018,"Escort evolutionary game dynamics application on a distribution system with PV, BSS and EVs",Escort evolutionary game dynamics application,Dynamics,
280,IEEE International Conference on Industrial Technology (ICIT),2018,Evaluation of HVDC cable impedance and admittance matrices by finite element method,Hvdc cable impedance,Electronics,
281,IEEE International Conference on Industrial Technology (ICIT),2018,Interest of storage based STATCOM systems to the power quality enhancement of thyristors based LCC HVDC links for offshore wind farm,Thyristors based lcc hvdc links,Electronics,
282,IEEE International Conference on Industrial Technology (ICIT),2018,Low-cost ultra-fast DC circuit-breaker: Power electronics integrated with mechanical switchgear,Power electronics integrated,Electronics,
283,IEEE International Conference on Industrial Technology (ICIT),2018,Prediction system for dynamic transmission line load capacity based on PCA and online sequential extreme learning machine,Dynamic transmission line load capacity based,AI,
284,IEEE International Conference on Industrial Technology (ICIT),2018,TT energy storage systems,Tt energy storage systems,Dynamics,
285,IEEE International Conference on Industrial Technology (ICIT),2018,A centralized state of charge estimation technique for electric vehicles equipped with lithium-ion batteries in smart grid environment,Smart grid environment,Smart technologies,
286,IEEE International Conference on Industrial Technology (ICIT),2018,A forecasting battery state of charge management strategy for frequency response in the UK system,Forecasting battery state,Dynamics,
287,IEEE International Conference on Industrial Technology (ICIT),2018,A lifetime-extending model-based predictive control for scheduling in concentrating solar power plants,Concentrating solar power plants,Control,
288,IEEE International Conference on Industrial Technology (ICIT),2018,A Lithium-Ion Capacitor electrical model considering pore size dispersion,Ion capacitor electrical model considering pore size dispersion,Electronics,
289,IEEE International Conference on Industrial Technology (ICIT),2018,Charging and discharging strategies of grid-connected super-capacitor energy storage systems,Capacitor energy storage systems,Electronics,
290,IEEE International Conference on Industrial Technology (ICIT),2018,Increase lifespan with a cell management algorithm in electric energy storage systems,Electric energy storage systems,Algorithm,
291,IEEE International Conference on Industrial Technology (ICIT),2018,On-board state of health estimation for lithium-ion batteries based on random forest,Ion batteries based,Measurements,
292,IEEE International Conference on Industrial Technology (ICIT),2018,Optimal supercapacitor pack sizing for modular multilevel converter with integrated energy storage system,Optimal supercapacitor pack sizing,Electronics,
293,IEEE International Conference on Industrial Technology (ICIT),2018,TT medical and healthcare robotics and automation,Tt medical,Robotics,
294,IEEE International Conference on Industrial Technology (ICIT),2018,Low cost robot for indoor cognitive disorder people orientation,Indoor cognitive disorder people orientation,Robotics,
295,IEEE International Conference on Industrial Technology (ICIT),2018,My Kardio: A telemedicine system based on machine-to-machine (M2M) technology for cardiovascular patients in rural areas with auto-diagnosis feature using k-Nearest Neighbor algorithm,Diagnosis feature using k,Algorithm,
296,IEEE International Conference on Industrial Technology (ICIT),2018,TT E-mobility,Tt e,Dynamics,
297,IEEE International Conference on Industrial Technology (ICIT),2018,A study of implemented international standards and infrastructural system for electric vehicles,Implemented international standards,Vehicle dynamics,
298,IEEE International Conference on Industrial Technology (ICIT),2018,Bidirectional isolated AC-DC converter for electric vehicles multifunctional chargers,Electric vehicles multifunctional chargers,Vehicle dynamics,
299,IEEE International Conference on Industrial Technology (ICIT),2018,Realization of transmitter for wireless power transfer to multi loads,Wireless power transfer,Electronics,
300,IEEE International Conference on Industrial Technology (ICIT),2018,Two stage integrated on-board charger for EVs,Two stage integrated,Dynamics,
301,IEEE International Conference on Industrial Technology (ICIT),2018,V2G enabled EVs providing frequency containment reserves: Field results,V2g enabled evs providing frequency containment reserves,Dynamics,
302,IEEE International Conference on Industrial Technology (ICIT),2018,Yaw moment MRAC with optimal torque vectoring for a four in-wheel motor EV,Yaw moment mrac,Electronics,
303,IEEE International Conference on Industrial Technology (ICIT),2018,TT education and standards,Tt education,Dynamics,
304,IEEE International Conference on Industrial Technology (ICIT),2018,Concentrated solar power plant simulator for education purpose,Concentrated solar power plant simulator,Dynamics,
305,IEEE International Conference on Industrial Technology (ICIT),2018,SS novel techniques for condition monitoring of electric machines fed by an inverter or not,Ss novel techniques,Electronics,
306,IEEE International Conference on Industrial Technology (ICIT),2018,Efficiency assessment of induction motors operating under different fault conditions,Induction motors operating,Dynamics,
307,IEEE International Conference on Industrial Technology (ICIT),2018,Online condition monitoring of large synchronous generator under short circuit fault — A review,Short circuit fault —,Dynamics,
308,IEEE International Conference on Industrial Technology (ICIT),2018,Signal processing tools for non-stationary signals detection,Stationary signals detection,Dynamics,
309,IEEE International Conference on Industrial Technology (ICIT),2018,Testing of non-toroidal shape primary pass-through current transformer for electrical machine monitoring and protection,Toroidal shape primary pass,Electronics,
310,IEEE International Conference on Industrial Technology (ICIT),2018,Thermal signature analysis of an 8/6 switched reluctance motor under inter-turn short circuit fault,Turn short circuit fault,Numerical analysis,
311,IEEE International Conference on Industrial Technology (ICIT),2018,Wind turbine drivetrain prognosis approach based on Kalman smoother with confidence bounds,Wind turbine drivetrain prognosis approach based,Vehicle dynamics,
312,IEEE International Conference on Industrial Technology (ICIT),2018,SS advanced control of high power converters for sustainable energy,Ss advanced control,Control,
313,IEEE International Conference on Industrial Technology (ICIT),2018,A control strategy based on the upper and lower's arms modulation functions of MMC in HVDC applications,Control strategy based,Electronics,
314,IEEE International Conference on Industrial Technology (ICIT),2018,Implementation of a series Z-source very sparse matrix converter in a PMSG-based WECS,Sparse matrix converter,Dynamics,
315,IEEE International Conference on Industrial Technology (ICIT),2018,SHM-PWM applied on single DC source CHB with self-regulation of capacitors voltages,Single dc source chb,Electronics,
316,IEEE International Conference on Industrial Technology (ICIT),2018,Virtual-flux estimation and SVM based direct power control of a three-level NPC rectifier,Svm based direct power control,Measurements,
317,IEEE International Conference on Industrial Technology (ICIT),2018,SS advanced power electronics for power quality in distributed power systems,Ss advanced power electronics,Electronics,
318,IEEE International Conference on Industrial Technology (ICIT),2018,A simple hybrid PWM algorithm for a five-phase indirect matrix converter topology,Phase indirect matrix converter topology,Algorithm,
319,IEEE International Conference on Industrial Technology (ICIT),2018,Fixed switching frequency model predictive based controller for sensor-less five-level Packed U-cell (PUC5) single phase inverter,Fixed switching frequency model predictive based controller,Electronics,
320,IEEE International Conference on Industrial Technology (ICIT),2018,Harmonic voltage compensation by grid supporting controlled distributed generators,Grid supporting controlled distributed generators,Control,
321,IEEE International Conference on Industrial Technology (ICIT),2018,Model predictive control of packed U cells based transformerless single-phase dynamic voltage restorer,Packed u cells based transformerless single,Electronics,
322,IEEE International Conference on Industrial Technology (ICIT),2018,SS wireless sensor networks: Hardware/software design aspects for industry,Ss wireless sensor networks,AI,
323,IEEE International Conference on Industrial Technology (ICIT),2018,ACO based key management routing mechanism for WSN security and data collection,Aco based key management routing mechanism,Electronics,
324,IEEE International Conference on Industrial Technology (ICIT),2018,Energy efficiency optimization in fluid flow metering,Fluid flow metering,Optimization,
325,IEEE International Conference on Industrial Technology (ICIT),2018,Enhanced WSN simulation accuracy through novel hardware in the loop approach,Enhanced wsn simulation accuracy,Electronics,
326,IEEE International Conference on Industrial Technology (ICIT),2018,Wireless sensor network quality of service optimization for smart cities,Wireless sensor network quality,AI,
327,IEEE International Conference on Industrial Technology (ICIT),2018,SS technology design on human factors and real world,Ss technology design,Electronics,
328,IEEE International Conference on Industrial Technology (ICIT),2018,Development of underacuated hybrid mobile robot composed of rotors and wheel,Underacuated hybrid mobile robot composed,Robotics,
329,IEEE International Conference on Industrial Technology (ICIT),2018,Enhancement of spatial awareness on vehicle driving using transcutaneous electrical nerve stimulation,Vehicle driving using transcutaneous electrical nerve stimulation,Vehicle dynamics,
330,IEEE International Conference on Industrial Technology (ICIT),2018,Human-robot cooperation through brain-computer interaction and emulated haptic supports,Emulated haptic supports,Robotics,
331,IEEE International Conference on Industrial Technology (ICIT),2018,Improvement of the 2D code based localization by using multiple codes,2d code based localization,Dynamics,
332,IEEE International Conference on Industrial Technology (ICIT),2018,Knowledge to design an assistant robotics system for aged people,Assistant robotics system,Robotics,
333,IEEE International Conference on Industrial Technology (ICIT),2018,Oscillation suppression control for electric wheelchair using human body motion interface,Electric wheelchair using human body motion interface,Robotics,
334,IEEE International Conference on Industrial Technology (ICIT),2018,Perceptional assistance using transcutaneous electrical nerve stimulation and emphasized single-camera view for tele-existence robot user,Perceptional assistance using transcutaneous electrical nerve stimulation,Robotics,
335,IEEE International Conference on Industrial Technology (ICIT),2018,SS human sensing and signal processing for health,Ss human sensing,Dynamics,
336,IEEE International Conference on Industrial Technology (ICIT),2018,An estimation of heart rate variability from ballistocardiogram measured with bed leg sensors,Heart rate variability,Measurements,
337,IEEE International Conference on Industrial Technology (ICIT),2018,Quantification of pain degree using EEG with simple device,Pain degree using eeg,Dynamics,
338,IEEE International Conference on Industrial Technology (ICIT),2018,SS condition monitoring and health assessment of wind turbines,Ss condition monitoring,Dynamics,
339,IEEE International Conference on Industrial Technology (ICIT),2018,A reduced-scale test bench dedicated to electrical and mechanical faults studies in wind turbine generators,Scale test bench dedicated,Formulation,
340,IEEE International Conference on Industrial Technology (ICIT),2018,Contribution to wind turbine emulation based on wound rotor induction machine configuration,Wound rotor induction machine configuration,Electronics,
341,IEEE International Conference on Industrial Technology (ICIT),2018,Predicting the remaining useful life of rolling element bearings,Rolling element bearings,Dynamics,
342,IEEE International Conference on Industrial Technology (ICIT),2018,SS tools for energy storage systems control for e-mobility,Energy storage systems control,Control,
343,IEEE International Conference on Industrial Technology (ICIT),2018,A novel online energy management strategy for multi fuel cell systems,Novel online energy management strategy,Dynamics,
344,IEEE International Conference on Industrial Technology (ICIT),2018,Battery pack self-heating during the charging process,Battery pack self,Electronics,
345,IEEE International Conference on Industrial Technology (ICIT),2018,Characterization of external pressure effects on lithium-ion pouch cell,Ion pouch cell,Electronics,
346,IEEE International Conference on Industrial Technology (ICIT),2018,Determination of the electric vehicles driving modes in real life conditions by classification methods,Electric vehicles driving modes,Vehicle dynamics,
347,IEEE International Conference on Industrial Technology (ICIT),2018,Merging control of a hybrid energy storage system using battery/supercapacitor for electric vehicle application,Hybrid energy storage system using battery,Vehicle dynamics,
348,IEEE International Conference on Industrial Technology (ICIT),2018,Reinforcement learning-based power sharing between batteries and supercapacitors in electric vehicles,Based power sharing,AI,
349,IEEE International Conference on Industrial Technology (ICIT),2018,SS new challenges on electromechanical systems monitoring based on artificial intelligence,Electromechanical systems monitoring based,Electronics,
350,IEEE International Conference on Industrial Technology (ICIT),2018,A real-time smart fruit quality grading system classifying by external appearance and internal flavor factors,Time smart fruit quality grading system classifying,Smart technologies,
351,IEEE International Conference on Industrial Technology (ICIT),2018,Analysis of frequency characteristic of surface permanent magnet synchronous machine,Surface permanent magnet synchronous machine,Electronics,
352,IEEE International Conference on Industrial Technology (ICIT),2018,Bearing fault diagnosis based on the analysis of recursive PCA projections,Bearing fault diagnosis based,Numerical analysis,
353,IEEE International Conference on Industrial Technology (ICIT),2018,Data-driven operation performance evaluation of multi-chiller system using self-organizing maps,Driven operation performance evaluation,Dynamics,
354,IEEE International Conference on Industrial Technology (ICIT),2018,Data fusion for fault severity estimation of ball bearings,Fault severity estimation,Measurements,
