﻿,Conference,Year,Title,Keywords,Category,Note
1,IEEE International Conference on Industrial Technology (ICIT),2017,[Front cover],Front cover,Dynamics,
2,IEEE International Conference on Industrial Technology (ICIT),2017,Power electronics and energy conversion,Power electronics,Electronics,
3,IEEE International Conference on Industrial Technology (ICIT),2017,A cost-effective technique for dynamic testing of DC-DC power supplies,Dc power supplies,Electronics,
4,IEEE International Conference on Industrial Technology (ICIT),2017,A filterless single-phase AC-AC converter based on coupled inductors with safe-commutation strategy and continuous input current,Continuous input current,Electronics,
5,IEEE International Conference on Industrial Technology (ICIT),2017,A generalized formulation of SHM-PAM for cascaded H-bridge inverters with non-equal DC sources,Equal dc sources,Formulation,
6,IEEE International Conference on Industrial Technology (ICIT),2017,A modular one-switch three-phase Single Ended Primary Inductor (SEPIC) rectifier,Phase single ended primary inductor,Dynamics,
7,IEEE International Conference on Industrial Technology (ICIT),2017,A novel DVR based on parallel-connected diode-clamped modular multilevel converters,Clamped modular multilevel converters,IOT & VR/AR,
8,IEEE International Conference on Industrial Technology (ICIT),2017,A novel series input parallel output soft-switching high step-down converter: Analysis and implementation,Novel series input parallel output soft,Numerical analysis,
9,IEEE International Conference on Industrial Technology (ICIT),2017,Analysis and control of a high voltage ratio and low stress DC-DC converter for fuel cell applications,High voltage ratio,Electronics,
10,IEEE International Conference on Industrial Technology (ICIT),2017,Application of Y-cap on noise attenuation in low power part of power converter,Low power part,Dynamics,
11,IEEE International Conference on Industrial Technology (ICIT),2017,Back-to-back MOSFET switches to reduce the losses in SCALDO implementation,Back mosfet switches,Electronics,
12,IEEE International Conference on Industrial Technology (ICIT),2017,Capacitor voltage balancing method for modular multilevel converter with flying capacitor submodules,Capacitor voltage balancing method,Electronics,
13,IEEE International Conference on Industrial Technology (ICIT),2017,Comparative assessment of three-phase transformerless grid-connected solar inverters,Phase transformerless grid,Dynamics,
14,IEEE International Conference on Industrial Technology (ICIT),2017,Design and implementation of feedback controllers for a power converter based on a three-terminal switch mode,Terminal switch mode,Electronics,
15,IEEE International Conference on Industrial Technology (ICIT),2017,Diode-bridge enclosed one switch three-phase power factor corrected (PFC) Ĉuk rectifier,Bridge enclosed one switch three,Electronics,
16,IEEE International Conference on Industrial Technology (ICIT),2017,Discrete time sliding mode control of single phase LCL grid-inverter,Discrete time sliding mode control,Control,
17,IEEE International Conference on Industrial Technology (ICIT),2017,Experimental stability analysis of an electromagnetic levitation melting system fed by a series resonant converter,Electromagnetic levitation melting system fed,Electronics,
18,IEEE International Conference on Industrial Technology (ICIT),2017,Experimental verification of virtual inertia in diesel generator based microgrids,Diesel generator based microgrids,Dynamics,
19,IEEE International Conference on Industrial Technology (ICIT),2017,Exploring a modulation strategy by experiments for modular multilevel converter in faulty operation,Modular multilevel converter,Dynamics,
20,IEEE International Conference on Industrial Technology (ICIT),2017,General impedance representation of passive devices based on measurement,Passive devices based,Measurements,
21,IEEE International Conference on Industrial Technology (ICIT),2017,IGBT open-circuit fault diagnosis based on the current prediction in the line-side AC/DC converter,Circuit fault diagnosis based,Electronics,
22,IEEE International Conference on Industrial Technology (ICIT),2017,Interleaved high step-up DC-DC converter with parallel-input series-output configuration and voltage multiplier module,Voltage multiplier module,Electronics,
23,IEEE International Conference on Industrial Technology (ICIT),2017,Investigation of the effects of load parasitic inductance on SiC MOSFETs switching performance,Sic mosfets switching performance,Dynamics,
24,IEEE International Conference on Industrial Technology (ICIT),2017,Low-power DC energy conversion system based on a novel single-switch current-fed series-parallel resonant converter,Power dc energy conversion system based,Electronics,
25,IEEE International Conference on Industrial Technology (ICIT),2017,Medium voltage 4-level double-star multilevel converter using model predictive control,Star multilevel converter using model predictive control,Control,
26,IEEE International Conference on Industrial Technology (ICIT),2017,Microcontroller-controlled constant current DC-DC converter modules for driving a multi-wavelength LED array,Controlled constant current dc,Electronics,
27,IEEE International Conference on Industrial Technology (ICIT),2017,Microgrid design with renewable energy sources and storage based on power conditioning system for autonomous island operation,Renewable energy sources,Dynamics,
28,IEEE International Conference on Industrial Technology (ICIT),2017,Modeling and generalization of parallel multilevel converter for the design of the closed loop's controllers,Parallel multilevel converter,Control,
29,IEEE International Conference on Industrial Technology (ICIT),2017,New dc-link balancing algorithm for multilevel inverter in photovoltaic system,Link balancing algorithm,Algorithm,
30,IEEE International Conference on Industrial Technology (ICIT),2017,Novel symmetric and asymmetric topology of multilevel inverter with reduced number of switches,Reduced number,Formulation,
31,IEEE International Conference on Industrial Technology (ICIT),2017,Operating region of a three-phase quasi-Z-source inverter,Source inverter,Dynamics,
32,IEEE International Conference on Industrial Technology (ICIT),2017,Photocatalytic reactor with multiphase digital control of luminous radiation,Multiphase digital control,Smart technologies,
33,IEEE International Conference on Industrial Technology (ICIT),2017,Power control of a multi-cell solid-state transformer with extended functions,State transformer,Control,
34,IEEE International Conference on Industrial Technology (ICIT),2017,Predictive current control for neutral-point voltage regulation and load balancing in three-level grid connected compensator,Level grid connected compensator,Control,
35,IEEE International Conference on Industrial Technology (ICIT),2017,Programmable digital IC for sub-nanoseconc dead-time adjustment used in synchronous switching DC-DC converters,Time adjustment used,Smart technologies,
36,IEEE International Conference on Industrial Technology (ICIT),2017,Research of the loss and gate desaturation control for RC-IGBT used in vehicle power converters,Vehicle power converters,Vehicle dynamics,
37,IEEE International Conference on Industrial Technology (ICIT),2017,"Single-input, dual polarity, dual output DC-DC converter implementation based on the SCALDO technique",Dc converter implementation based,Electronics,
38,IEEE International Conference on Industrial Technology (ICIT),2017,Stator-flux-oriented sliding mode controller for DFIG with variable hysteresis loop for limiting switch frequency of rotor-side power converter,Oriented sliding mode controller,Control,
39,IEEE International Conference on Industrial Technology (ICIT),2017,Study on hybrid SVPWM sequences for two level VSIs,Two level vsis,Dynamics,
40,IEEE International Conference on Industrial Technology (ICIT),2017,Study on quasi resonant grid-connected current compensation method with controllable switching period,Connected current compensation method,Control,
41,IEEE International Conference on Industrial Technology (ICIT),2017,Three phase one switch modular-boost/vienna power factor corrected (PFC) rectifier,Three phase one switch modular,Electronics,
42,IEEE International Conference on Industrial Technology (ICIT),2017,Turn-off energy minimization for soft-switching power converters with wide bandgap devices,Wide bandgap devices,Dynamics,
43,IEEE International Conference on Industrial Technology (ICIT),2017,Validation of inductors sustainable-saturation-operation in switching power supplies design,Switching power supplies design,Dynamics,
44,IEEE International Conference on Industrial Technology (ICIT),2017,Virtual delay unit based digital nk ± m-order harmonic repetitive controller for PWM converter,Virtual delay unit based digital nk ±,Smart technologies,
45,IEEE International Conference on Industrial Technology (ICIT),2017,Electrical machines and drives,Electrical machines,Electronics,
46,IEEE International Conference on Industrial Technology (ICIT),2017,A five speed 45-phase induction motor drive with pole phase modulation for electric vehicles,Phase induction motor drive,Vehicle dynamics,
47,IEEE International Conference on Industrial Technology (ICIT),2017,A lorentz actuator for high-precision magnetically levitated planar systems,Precision magnetically levitated planar systems,Electronics,
48,IEEE International Conference on Industrial Technology (ICIT),2017,Design of a pseudo-MRAS sliding mode observer with double feedback for estimation of the rotor time constant of the induction motor,Mras sliding mode observer,Measurements,
49,IEEE International Conference on Industrial Technology (ICIT),2017,Design of an adaptive estimator for the speed and load torque of the PMSM using an extended dynamic model,Extended dynamic model,Modeling,
50,IEEE International Conference on Industrial Technology (ICIT),2017,Development of a methodology for bearing fault scrutiny and diagnosis using SVM,Diagnosis using svm,Dynamics,
51,IEEE International Conference on Industrial Technology (ICIT),2017,Electromagnetic design optimization and sensitivity analysis for IPM synchronous motors,Ipm synchronous motors,Electronics,
52,IEEE International Conference on Industrial Technology (ICIT),2017,Improved voltage regulation of dual stator induction generator using series and shunt capacitors,Dual stator induction generator using series,Electronics,
53,IEEE International Conference on Industrial Technology (ICIT),2017,Initial study on the magnetic field characteristics of a novel magnetised air scroll expander,Novel magnetised air scroll expander,Electronics,
54,IEEE International Conference on Industrial Technology (ICIT),2017,Intelligent flux predictive control through online stator inter-turn fault detection for fault-tolerant control of induction motor,Intelligent flux predictive control,Control,
55,IEEE International Conference on Industrial Technology (ICIT),2017,Investigation into the effect of unbalanced supply voltage on detection of stator winding turn fault in PMSM,Stator winding turn fault,Dynamics,
56,IEEE International Conference on Industrial Technology (ICIT),2017,Method research of permanent magnet synchronous motor position sensorless control over full speed range,Permanent magnet synchronous motor position sensorless control,Control,
57,IEEE International Conference on Industrial Technology (ICIT),2017,Model predictive control of SPMSM based on FPGA and processor,Model predictive control,Control,
58,IEEE International Conference on Industrial Technology (ICIT),2017,Novel back EMF zero difference point detection based sensorless technique for BLDC motor,Novel back emf zero difference point detection based sensorless technique,Electronics,
59,IEEE International Conference on Industrial Technology (ICIT),2017,Sensorless control of a SynRM for the whole speed range based on a nonlinear observability analysis,Whole speed range based,Control,
60,IEEE International Conference on Industrial Technology (ICIT),2017,Stacked multilevel inverter fed six phase induction motor with reduced DC link and lower voltage devices,Stacked multilevel inverter fed six phase induction motor,Formulation,
61,IEEE International Conference on Industrial Technology (ICIT),2017,Renewable energy systems,Renewable energy systems,Dynamics,
62,IEEE International Conference on Industrial Technology (ICIT),2017,A data driven model for accurate SOC estimation in EVs,Data driven model,Measurements,
63,IEEE International Conference on Industrial Technology (ICIT),2017,A high gain grid connected single stage inverter system with reactive power control,High gain grid connected single stage inverter system,Electronics,
64,IEEE International Conference on Industrial Technology (ICIT),2017,A novel control strategy for ORC system with unsteady heat source,Unsteady heat source,Control,
65,IEEE International Conference on Industrial Technology (ICIT),2017,A novel flicker-free AC-DC LED driver without electrolytic capacitor,Dc led driver without electrolytic capacitor,Electronics,
66,IEEE International Conference on Industrial Technology (ICIT),2017,A stand-alone hybrid renewable energy system assessment using cost optimization method,Alone hybrid renewable energy system assessment using cost optimization method,Optimization,
67,IEEE International Conference on Industrial Technology (ICIT),2017,Active and reactive power support of MV distribution systems using battery energy storage,Mv distribution systems using battery energy storage,Electronics,
68,IEEE International Conference on Industrial Technology (ICIT),2017,An adaptive transmission line protection and modelling of numerical distance relay with analog antialiasing filter,Adaptive transmission line protection,Modeling,
69,IEEE International Conference on Industrial Technology (ICIT),2017,Automated cleaning of wind turbine blades with no downtime,Wind turbine blades,Dynamics,
70,IEEE International Conference on Industrial Technology (ICIT),2017,Deterministic and probabilistic wind power forecasting using a hybrid method,Probabilistic wind power forecasting using,Uncertainty quantification,
71,IEEE International Conference on Industrial Technology (ICIT),2017,Double voltage step-up photovoltaic microinverter,Double voltage step,Dynamics,
72,IEEE International Conference on Industrial Technology (ICIT),2017,"ECO: An IoT platform for wireless data collection, energy control and optimization of a miniaturized wind turbine cluster: Power analysis and battery life estimation of IoT platform",Miniaturized wind turbine cluster,IOT & VR/AR,
73,IEEE International Conference on Industrial Technology (ICIT),2017,Electromagnetic induction generator toward energy harvesting for dynamic systems,Electromagnetic induction generator toward energy harvesting,Electronics,
74,IEEE International Conference on Industrial Technology (ICIT),2017,Explicit double-exponential modeling methods for photovoltaic cells,Exponential modeling methods,Modeling,
75,IEEE International Conference on Industrial Technology (ICIT),2017,Flux coupling type superconducting fault current limiter in a transmission and wind energy system,Flux coupling type superconducting fault current limiter,Dynamics,
76,IEEE International Conference on Industrial Technology (ICIT),2017,Generation reliability assessment of stand-alone hybrid power system — A case study,Alone hybrid power system —,Dynamics,
77,IEEE International Conference on Industrial Technology (ICIT),2017,Improvement of power quality using an average model of a new hybrid PV-DSTATCOM,Power quality using,Modeling,
78,IEEE International Conference on Industrial Technology (ICIT),2017,New adapted forms of P-V optimal slope MPPT for a better grid connected PV system integration,Better grid connected pv system integration,Optimization,
79,IEEE International Conference on Industrial Technology (ICIT),2017,Nonlinear control of permanent magnet synchronous generator grid-connected applied to wind energy conversion system,Permanent magnet synchronous generator grid,Control,
80,IEEE International Conference on Industrial Technology (ICIT),2017,Power density driven design methodology of power converters for photovoltaic applications,Power density driven design methodology,Dynamics,
81,IEEE International Conference on Industrial Technology (ICIT),2017,Probabilistic reliability evaluation for power systems with high penetration of renewable power generation,Probabilistic reliability evaluation,Uncertainty quantification,
82,IEEE International Conference on Industrial Technology (ICIT),2017,Using PHES to facilitate wind power integration in isolated systems — Case study,Isolated systems — case study,Electronics,
83,IEEE International Conference on Industrial Technology (ICIT),2017,Energy storage,Energy storage,Dynamics,
84,IEEE International Conference on Industrial Technology (ICIT),2017,Application of two stage rate limit control for different operating modes of battery,Two stage rate limit control,Control,
85,IEEE International Conference on Industrial Technology (ICIT),2017,Online lithium-ion batteries health monitoring using balancing circuits,Ion batteries health monitoring using balancing circuits,Dynamics,
86,IEEE International Conference on Industrial Technology (ICIT),2017,Transportation electrification and vehicle systems,Vehicle systems,Vehicle dynamics,
87,IEEE International Conference on Industrial Technology (ICIT),2017,A neural network for predicting unintentional lane departures,Predicting unintentional lane departures,AI,
88,IEEE International Conference on Industrial Technology (ICIT),2017,"Adaptive, sparse, and multi-rate LQR control of an MVDC shipboard power system with constant power loads",Mvdc shipboard power system,Vehicle dynamics,
89,IEEE International Conference on Industrial Technology (ICIT),2017,An integrated topology for on-board charger and driven of electric vehicle,Integrated topology,Vehicle dynamics,
90,IEEE International Conference on Industrial Technology (ICIT),2017,Comparative analysis of DITC and DTFC of switched reluctance motor for EV applications,Switched reluctance motor,Numerical analysis,
91,IEEE International Conference on Industrial Technology (ICIT),2017,Comparison between isolated and non-isolated DC/DC converters for bidirectional EV chargers,Bidirectional ev chargers,Electronics,
92,IEEE International Conference on Industrial Technology (ICIT),2017,Computation of rectifier transformers employed in railway networks,Rectifier transformers employed,AI,
93,IEEE International Conference on Industrial Technology (ICIT),2017,Design of a bidirectional power converter for charging pile based on V2G,Charging pile based,Dynamics,
94,IEEE International Conference on Industrial Technology (ICIT),2017,Design of a new switched-stator BLDC drive to improve the energy efficiency of an electric vehicle,Stator bldc drive,Vehicle dynamics,
95,IEEE International Conference on Industrial Technology (ICIT),2017,Inductive characteristics of asymmetrical coils for wireless power transfer,Wireless power transfer,Electronics,
96,IEEE International Conference on Industrial Technology (ICIT),2017,Single-phase bidirectional integrated onboard battery charger for EVs featuring a battery-supercapacitor hybrid energy storage system,Phase bidirectional integrated onboard battery charger,Electronics,
97,IEEE International Conference on Industrial Technology (ICIT),2017,Technical and economical evalutation of hybrid flash-charging stations for electric public transport,Electric public transport,Dynamics,
98,IEEE International Conference on Industrial Technology (ICIT),2017,Power systems and the smart grid,Smart grid,Smart technologies,
99,IEEE International Conference on Industrial Technology (ICIT),2017,A novel generic architecture for the implementation of demand response programs in a smart grid,Novel generic architecture,Smart technologies,
100,IEEE International Conference on Industrial Technology (ICIT),2017,A semi-synthetic dataset development tool for household energy consumption analysis,Synthetic dataset development tool,Numerical analysis,
101,IEEE International Conference on Industrial Technology (ICIT),2017,An adaptive P-f droop approach for micro-grid transition detection,Grid transition detection,Electronics,
102,IEEE International Conference on Industrial Technology (ICIT),2017,Classification of generators participating in the bulk-power market,Power market,Dynamics,
103,IEEE International Conference on Industrial Technology (ICIT),2017,Coordinated design of PSS and TCSC controllers using colonal selection algorithm for stability enhancement of dynamical power system,Tcsc controllers using colonal selection algorithm,Algorithm,
104,IEEE International Conference on Industrial Technology (ICIT),2017,Domestic peak-load management including vehicle-to-grid and battery storage unit using an artificial neural network,Load management including vehicle,AI,
105,IEEE International Conference on Industrial Technology (ICIT),2017,Dynamic VAR planning for rotor-angle and short-term voltage stability enhancement,Term voltage stability enhancement,Dynamics,
106,IEEE International Conference on Industrial Technology (ICIT),2017,Integration of step voltage regulators in islanded microgrids,Step voltage regulators,Dynamics,
107,IEEE International Conference on Industrial Technology (ICIT),2017,Optimal power flow for converter-dominated AC/DC hybrid microgrids,Optimal power flow,Electronics,
108,IEEE International Conference on Industrial Technology (ICIT),2017,Secure layer 2 tunneling over IP for GOOSE-based logic selectivity,Secure layer 2 tunneling,Dynamics,
109,IEEE International Conference on Industrial Technology (ICIT),2017,Security and reliability analysis of a use case in smart grid substation automation systems,Smart grid substation automation systems,Smart technologies,
110,IEEE International Conference on Industrial Technology (ICIT),2017,Smart distribution systems stakeholders analysis and the effects on long-term planning,Smart distribution systems stakeholders analysis,Smart technologies,
111,IEEE International Conference on Industrial Technology (ICIT),2017,Stabilization of a distributed generation unit with constant power load in islanding mode,Distributed generation unit,Dynamics,
112,IEEE International Conference on Industrial Technology (ICIT),2017,Taylor series approximation of ZIP model for on-line estimation of residential loads' parameters,Taylor series approximation,Measurements,
113,IEEE International Conference on Industrial Technology (ICIT),2017,Towards a framework for cyber attack impact analysis of electric cyber physical systems,Electric cyber physical systems,Electronics,
114,IEEE International Conference on Industrial Technology (ICIT),2017,"Motion control, and mechatronics",Motion control,Robotics,
115,IEEE International Conference on Industrial Technology (ICIT),2017,A circle disturbance observer based on spatial periodicity for circle systems,Circle disturbance observer based,Dynamics,
116,IEEE International Conference on Industrial Technology (ICIT),2017,Balloon actuators based on the dielectric elastomer,Balloon actuators based,Electronics,
117,IEEE International Conference on Industrial Technology (ICIT),2017,Contact force control of dual-rotor helicopter with protect frame,Contact force control,Electronics,
118,IEEE International Conference on Industrial Technology (ICIT),2017,Kinematics of distance-based roll and pitch estimation for unmanned aerial vehicles,Unmanned aerial vehicles,Vehicle dynamics,
119,IEEE International Conference on Industrial Technology (ICIT),2017,Micro/macro-positioning control of a novel contactless active robotic joint using active magnetic bearing,Novel contactless active robotic joint using active magnetic bearing,Robotics,
120,IEEE International Conference on Industrial Technology (ICIT),2017,New state observer gain tuning methodology based on the stable margin theory,New state observer gain tuning methodology based,Dynamics,
121,IEEE International Conference on Industrial Technology (ICIT),2017,PI consensus-based motor synchronization with input saturations,Based motor synchronization,Dynamics,
122,IEEE International Conference on Industrial Technology (ICIT),2017,Weight estimation system using surface EMG armband,Weight estimation system using surface emg armband,Measurements,
123,IEEE International Conference on Industrial Technology (ICIT),2017,"Control system, robotics and automation",Control system,Robotics,
124,IEEE International Conference on Industrial Technology (ICIT),2017,A cyber-attack on communication link in distributed systems and detection scheme based on H-infinity filtering,Detection scheme based,Electronics,
125,IEEE International Conference on Industrial Technology (ICIT),2017,A fermenter model based on neural networks experimentally validated,Neural networks experimentally validated,AI,
126,IEEE International Conference on Industrial Technology (ICIT),2017,A geometric solution for inverse kinematics of redundant teleoperated surgical snake robots,Redundant teleoperated surgical snake robots,Robotics,
127,IEEE International Conference on Industrial Technology (ICIT),2017,A novel adaptive controller using radial basis function neural network for the wind energy conversion system,Novel adaptive controller using radial basis function neural network,AI,
128,IEEE International Conference on Industrial Technology (ICIT),2017,Adaptive formation control of robot swarms using optimized potential field method,Robot swarms using optimized potential field method,Robotics,
129,IEEE International Conference on Industrial Technology (ICIT),2017,Adaptive genetic neuro-fuzzy attitude control for a fixed wing UAV,Fuzzy attitude control,Control,
130,IEEE International Conference on Industrial Technology (ICIT),2017,Adaptive nonlinear sliding mode control with a nonlinear sliding surface for feed drive systems,Adaptive nonlinear sliding mode control,Electronics,
131,IEEE International Conference on Industrial Technology (ICIT),2017,Analysis of virtual environment haptic robotic systems for a rehabilitation of post-stroke patients,Virtual environment haptic robotic systems,Robotics,
132,IEEE International Conference on Industrial Technology (ICIT),2017,Attitude control of re-entry vehicles using adaptive SDRE technique,Entry vehicles using adaptive sdre technique,Vehicle dynamics,
133,IEEE International Conference on Industrial Technology (ICIT),2017,Bidirectional fuzzy PD control for active vibration control of building structure,Bidirectional fuzzy pd control,Electronics,
134,IEEE International Conference on Industrial Technology (ICIT),2017,Cointegration analysis for IMU in a fixed-wing UAV,Wing uav,Numerical analysis,
135,IEEE International Conference on Industrial Technology (ICIT),2017,Design and control of a sit-to-stand assistive device via EtherCAT fieldbus,Stand assistive device via ethercat fieldbus,Control,
136,IEEE International Conference on Industrial Technology (ICIT),2017,Design and optimization of a tendon-driven robotic hand,Driven robotic hand,Robotics,
137,IEEE International Conference on Industrial Technology (ICIT),2017,Dynamic grinding manipulation based on removal volume rate control,Removal volume rate control,Control,
138,IEEE International Conference on Industrial Technology (ICIT),2017,Edge deletion algorithm for minimally rigid graph using consensus protocols,Minimally rigid graph using consensus protocols,Algorithm,
139,IEEE International Conference on Industrial Technology (ICIT),2017,Efficient control of automotive R744 heat pump using Nelder-Mead simplex method,Automotive r744 heat pump using nelder,Control,
140,IEEE International Conference on Industrial Technology (ICIT),2017,Event triggered control of singularly perturbec linear system based on its slow and fast model,Singularly perturbec linear system based,Control,
141,IEEE International Conference on Industrial Technology (ICIT),2017,Experimental implementation of loop closure detection using data dimensionality reduction by spectral method,Loop closure detection using data dimensionality reduction,Dynamics,
142,IEEE International Conference on Industrial Technology (ICIT),2017,FAT-based robust adaptive control of flexible-joint robots: Singular perturbation approach,Based robust adaptive control,Robotics,
143,IEEE International Conference on Industrial Technology (ICIT),2017,Fractional order sliding mode controller for a solid-core magnetic bearing system,Fractional order sliding mode controller,Electronics,
144,IEEE International Conference on Industrial Technology (ICIT),2017,Geogebra as a tool of design of ultrafast and robust controller,Robust controller,Control,
145,IEEE International Conference on Industrial Technology (ICIT),2017,Local stability of flat-foot dynamic bipedal walking with compliant joints,Foot dynamic bipedal walking,Dynamics,
146,IEEE International Conference on Industrial Technology (ICIT),2017,Mechatronic design of an ankle-foot rehabilitation robot for children with cerebral palsy and preliminary clinical trial,Preliminary clinical trial,Robotics,
147,IEEE International Conference on Industrial Technology (ICIT),2017,Minimizing rework costs in multistage production processes by modifying quality specification limits,Modifying quality specification limits,Dynamics,
148,IEEE International Conference on Industrial Technology (ICIT),2017,Model based path planning using Q-Learning,Model based path planning using q,AI,
149,IEEE International Conference on Industrial Technology (ICIT),2017,Modified state predictive control of continuous-time systems with input delay,Modified state predictive control,Control,
150,IEEE International Conference on Industrial Technology (ICIT),2017,Multirate output feedback based discrete-time sliding mode control for fractional delay compensation in NCSs,Multirate output feedback based discrete,Electronics,
151,IEEE International Conference on Industrial Technology (ICIT),2017,"Neural-adaptive backstepping for flexible-joint robots with neither extra parameters, extra networks, nor robust terms",Neither extra parameters,AI,
152,IEEE International Conference on Industrial Technology (ICIT),2017,Optimal collision free path planning for an autonomous articulated vehicle with two trailers,Optimal collision free path planning,Vehicle dynamics,
153,IEEE International Conference on Industrial Technology (ICIT),2017,Robust and high-mobility walking control for uneven terrain without zero-moment-point feedback,Uneven terrain without zero,Electronics,
154,IEEE International Conference on Industrial Technology (ICIT),2017,Simplified decoupling based control for processes having complex EOTF dynamics,Simplified decoupling based control,Control,
155,IEEE International Conference on Industrial Technology (ICIT),2017,Sliding mode control of underactuated five-link biped robot for climbing stairs based on real human data,Sliding mode control,Robotics,
156,IEEE International Conference on Industrial Technology (ICIT),2017,Two practical simulators of a traveling mobile robot equipped with optical mice and their optimal parameter setting,Traveling mobile robot equipped,Robotics,
157,IEEE International Conference on Industrial Technology (ICIT),2017,Uncertain nonlinear system control with fuzzy differential equations and Z-numbers,Uncertain nonlinear system control,Uncertainty quantification,
158,IEEE International Conference on Industrial Technology (ICIT),2017,Universal dynamic tracking control law for mobile robot trajectory tracking,Universal dynamic tracking control law,Robotics,
159,IEEE International Conference on Industrial Technology (ICIT),2017,Visual servoing based pickup of stationary objects with a dynamically controlled manipulator,Visual servoing based pickup,Control,
160,IEEE International Conference on Industrial Technology (ICIT),2017,"Sensors, actuators, system integration and nano-technologies",System integration,Electronics,
161,IEEE International Conference on Industrial Technology (ICIT),2017,Design and development of a water quality monitoring network and system,Water quality monitoring network,AI,
162,IEEE International Conference on Industrial Technology (ICIT),2017,Double stage FPCB scanning micromirror for laser pattern generation,Double stage fpcb scanning micromirror,Dynamics,
163,IEEE International Conference on Industrial Technology (ICIT),2017,Experimenting capacitive sensing technique for structural integrity assessment,Experimenting capacitive sensing technique,Electronics,
164,IEEE International Conference on Industrial Technology (ICIT),2017,Reduction of drift impact in gas sensor response to improve quantitative odor analysis,Improve quantitative odor analysis,Electronics,
165,IEEE International Conference on Industrial Technology (ICIT),2017,Tactile and proximity sensor using self-capacitance measurement on curved surface,Proximity sensor using self,Measurements,
166,IEEE International Conference on Industrial Technology (ICIT),2017,Electronic system on chip and real time embedded control,Real time embedded control,Electronics,
167,IEEE International Conference on Industrial Technology (ICIT),2017,Characterization of FPGA-master ARM communication delays in zynq devices,Master arm communication delays,Electronics,
168,IEEE International Conference on Industrial Technology (ICIT),2017,Control and monitoring systems update for thermal printers,Monitoring systems update,Control,
169,IEEE International Conference on Industrial Technology (ICIT),2017,Hardware implementation of enhanced virtual release advancing for real-time task scheduling,Enhanced virtual release advancing,Numerical analysis,
170,IEEE International Conference on Industrial Technology (ICIT),2017,National instrument-based experimental validation of a nonlinear real-time induction motor model in an EV simulation system,Time induction motor model,Modeling,
171,IEEE International Conference on Industrial Technology (ICIT),2017,Universal real-time control framework and Internet of Things for fast-paced research and development based production environments,Development based production environments,IOT & VR/AR,
172,IEEE International Conference on Industrial Technology (ICIT),2017,Signal and image processing and computational intelligence [breaker page],Image processing,Dynamics,
173,IEEE International Conference on Industrial Technology (ICIT),2017,"A quantitative method for selecting denoising filters, based on a new edge-sensitive metric",Selecting denoising filters,Dynamics,
174,IEEE International Conference on Industrial Technology (ICIT),2017,Combining convolutional neural network and self-adaptive algorithm to defeat synthetic multi-digit text-based CAPTCHA,Combining convolutional neural network,AI,
175,IEEE International Conference on Industrial Technology (ICIT),2017,Convolutional networks for voting-based anomaly classification in metal surface inspection,Metal surface inspection,AI,
176,IEEE International Conference on Industrial Technology (ICIT),2017,Detection and tracking targets under low SNR,Tracking targets,Electronics,
177,IEEE International Conference on Industrial Technology (ICIT),2017,Driving event detection and driving style classification using artificial neural networks,Driving style classification using artificial neural networks,AI,
178,IEEE International Conference on Industrial Technology (ICIT),2017,Facial clustering model upon principal component analysis databases,Facial clustering model upon principal component analysis databases,Electronics,
179,IEEE International Conference on Industrial Technology (ICIT),2017,Far-field light imaging in the presence of atmospheric turbulence with rotating anti-phase apertures: Theoretical investigation,Field light imaging,Dynamics,
180,IEEE International Conference on Industrial Technology (ICIT),2017,Fusion-based underwater image enhancement by wavelet decomposition,Based underwater image enhancement,Dynamics,
181,IEEE International Conference on Industrial Technology (ICIT),2017,Image super-resolution via weighted random forest,Resolution via weighted random forest,Dynamics,
182,IEEE International Conference on Industrial Technology (ICIT),2017,Integrating spectral and spatial features for hyperspectral image classification using low-rank representation,Hyperspectral image classification using low,Dynamics,
183,IEEE International Conference on Industrial Technology (ICIT),2017,Multi-class SVM based gradient feature for banknote recognition,Class svm based gradient feature,AI,
184,IEEE International Conference on Industrial Technology (ICIT),2017,On the applicability of inverse perspective mapping for the forward distance estimation based on the HSV colormap,Forward distance estimation based,Measurements,
185,IEEE International Conference on Industrial Technology (ICIT),2017,Prognostics of damage growth in composite materials using machine learning techniques,Composite materials using machine learning techniques,AI,
186,IEEE International Conference on Industrial Technology (ICIT),2017,Proportional data clustering using K-means algorithm: A comparison of different distances,Proportional data clustering using k,Algorithm,
187,IEEE International Conference on Industrial Technology (ICIT),2017,Real-time signal frequency analysis in variable speed drives using the sparse fast Fourier transform (sFFT),Variable speed drives using,Numerical analysis,
188,IEEE International Conference on Industrial Technology (ICIT),2017,Recent advances in features extraction and description algorithms: A comprehensive survey,Recent advances,Algorithm,
189,IEEE International Conference on Industrial Technology (ICIT),2017,"Rolling fault diagnosis via robust semi-supervised model with capped l2,1-norm regularization",Rolling fault diagnosis via robust semi,AI,
190,IEEE International Conference on Industrial Technology (ICIT),2017,Smoke detection using simplified descriptors of video information,Smoke detection using simplified descriptors,Dynamics,
191,IEEE International Conference on Industrial Technology (ICIT),2017,Tactile texture recognition using convolutional neural networks for time-series data of pressure and 6-axis acceleration sensor,Tactile texture recognition using convolutional neural networks,AI,
192,IEEE International Conference on Industrial Technology (ICIT),2017,The demodulation algorithm of track frequency shift signal based on windowed interpolation FFT,Track frequency shift signal based,Algorithm,
193,IEEE International Conference on Industrial Technology (ICIT),2017,Unsupervised learning of finite mixtures using scaled dirichlet distribution and its application to software modules categorization,Finite mixtures using scaled dirichlet distribution,AI,
194,IEEE International Conference on Industrial Technology (ICIT),2017,VeNICE: A very deep neural network approach to no-reference image assessment,Deep neural network approach,AI,
195,IEEE International Conference on Industrial Technology (ICIT),2017,"Industrial automation, communication and informatics",Industrial automation,Dynamics,
196,IEEE International Conference on Industrial Technology (ICIT),2017,A comparison of neural network-based methods for load forecasting with selected input candidates,Selected input candidates,AI,
197,IEEE International Conference on Industrial Technology (ICIT),2017,A flexible architecture for data mining from heterogeneous data sources in automated production systems,Automated production systems,Dynamics,
198,IEEE International Conference on Industrial Technology (ICIT),2017,A flexible communication stack design for time sensitive embedded systems,Time sensitive embedded systems,Electronics,
199,IEEE International Conference on Industrial Technology (ICIT),2017,A workflow support system for the process and automation engineering of production plants,Workflow support system,Dynamics,
200,IEEE International Conference on Industrial Technology (ICIT),2017,An intelligent maintenance planning framework prototype for production systems,Intelligent maintenance planning framework prototype,Dynamics,
201,IEEE International Conference on Industrial Technology (ICIT),2017,Delay attack versus clock synchronization — A time chase,Delay attack versus clock synchronization —,Electronics,
202,IEEE International Conference on Industrial Technology (ICIT),2017,Development of an engine control unit: Implementation of the architecture of tasks,Engine control unit,Control,
203,IEEE International Conference on Industrial Technology (ICIT),2017,Development of the cross-linked integrated information system,Linked integrated information system,Dynamics,
204,IEEE International Conference on Industrial Technology (ICIT),2017,Evaluation of a formalized encryption library for safety-critical embedded systems,Formalized encryption library,Dynamics,
205,IEEE International Conference on Industrial Technology (ICIT),2017,Generating metamodel-based descriptions of automation components in AutomationML,Generating metamodel,Modeling,
206,IEEE International Conference on Industrial Technology (ICIT),2017,Handling strategy of dynamic resource events in cyber-physical production systems by a multi-criterial and multi-operational approach,Physical production systems,Electronics,
207,IEEE International Conference on Industrial Technology (ICIT),2017,Integration of existing ethernet devices into time-division-multiplexing ethernet,Existing ethernet devices,Dynamics,
208,IEEE International Conference on Industrial Technology (ICIT),2017,Model-document coupling in aPS engineering: Challenges and requirements engineering use case,Requirements engineering use case,Modeling,
209,IEEE International Conference on Industrial Technology (ICIT),2017,New method for definition of organized driving chains in industrial product model,Organized driving chains,Modeling,
210,IEEE International Conference on Industrial Technology (ICIT),2017,Re-transmission diversity with fast channel selectivity for reliable industrial WLAN system,Reliable industrial wlan system,Dynamics,
211,IEEE International Conference on Industrial Technology (ICIT),2017,Research and design of MVB bus administrator based on SOPC technology,Mvb bus administrator based,Dynamics,
212,IEEE International Conference on Industrial Technology (ICIT),2017,Surveying the features of industrial SOAs,Industrial soas,Dynamics,
213,IEEE International Conference on Industrial Technology (ICIT),2017,Towards an integrated plant engineering process using a data conversion tool for AutomationML,Integrated plant engineering process using,Dynamics,
214,IEEE International Conference on Industrial Technology (ICIT),2017,Translating IOPT Petri net models into PLC ladder diagrams,Translating iopt petri net models,Modeling,
215,IEEE International Conference on Industrial Technology (ICIT),2017,Unified analytical modeling of the error rates and the ergodic channel capacity in η-μ generalized fading channels with integer μ and maximal ratio combining receiver,Maximal ratio combining receiver,Electronics,
216,IEEE International Conference on Industrial Technology (ICIT),2017,"Cloud computing, data analytics, and software engineering",Software engineering,Dynamics,
217,IEEE International Conference on Industrial Technology (ICIT),2017,Anomaly detection in self-organizing industrial systems using pathlets,Organizing industrial systems using pathlets,Robotics,
218,IEEE International Conference on Industrial Technology (ICIT),2017,Designing combo recharge plans for telecom subscribers using itemset mining technique,Telecom subscribers using itemset mining technique,Dynamics,
219,IEEE International Conference on Industrial Technology (ICIT),2017,Distributed data recovery architecture based on schema segregation,Distributed data recovery architecture based,Dynamics,
220,IEEE International Conference on Industrial Technology (ICIT),2017,Improving collaborative filtering by selecting an effective user neighborhood for recommender systems,Improving collaborative filtering,Dynamics,
221,IEEE International Conference on Industrial Technology (ICIT),2017,Job seeker to vacancy matching using social network analysis,Vacancy matching using social network analysis,AI,
222,IEEE International Conference on Industrial Technology (ICIT),2017,"Sensor SelComp, a smart component for the industrial sensor cloud of the future",Industrial sensor cloud,Smart technologies,
223,IEEE International Conference on Industrial Technology (ICIT),2017,Industrial wireless networking,Industrial wireless networking,AI,
224,IEEE International Conference on Industrial Technology (ICIT),2017,A sub-microsecond clock synchronization protocol for wireless industrial monitoring and control networks,Microsecond clock synchronization protocol,AI,
225,IEEE International Conference on Industrial Technology (ICIT),2017,A zero human-intervention provisioning for industrial IoT devices,Industrial iot devices,IOT & VR/AR,
226,IEEE International Conference on Industrial Technology (ICIT),2017,Augmented reality based on edge computing using the example of remote live support,Remote live support,IOT & VR/AR,
227,IEEE International Conference on Industrial Technology (ICIT),2017,Evaluation of a software defined GFDM implementation for industry 4.0 applications,Software defined gfdm implementation,Dynamics,
228,IEEE International Conference on Industrial Technology (ICIT),2017,Feasibility of large antenna arrays towards low latency ultra reliable communication,Large antenna arrays towards low latency ultra reliable communication,Dynamics,
229,IEEE International Conference on Industrial Technology (ICIT),2017,Hybrid MAC mechanism for energy efficient communication in IEEE 802.11ah,Hybrid mac mechanism,Electronics,
230,IEEE International Conference on Industrial Technology (ICIT),2017,Reliable wireless communication and positioning enabling mobile control and safety applications in industrial environments,Positioning enabling mobile control,Electronics,
231,IEEE International Conference on Industrial Technology (ICIT),2017,Suitability of WiFi based communication devices in low power industrial applications,Wifi based communication devices,Dynamics,
232,IEEE International Conference on Industrial Technology (ICIT),2017,Universal Internet of Things solution: Protocol independent,Universal internet,IOT & VR/AR,
233,IEEE International Conference on Industrial Technology (ICIT),2017,Will 5G become yet another wireless technology for industrial automation?,5g become yet another wireless technology,Electronics,
234,IEEE International Conference on Industrial Technology (ICIT),2017,Real-time aspects of industrial cyber-physical systems,Time aspects,Numerical analysis,
235,IEEE International Conference on Industrial Technology (ICIT),2017,RTOS support in C-language toolchains,Rtos support,Dynamics,
236,IEEE International Conference on Industrial Technology (ICIT),2017,Supporting security protocols on CAN-based networks,Supporting security protocols,AI,
237,IEEE International Conference on Industrial Technology (ICIT),2017,Wireless sensor networks: Hardware software design aspects for industry,Hardware software design aspects,AI,
238,IEEE International Conference on Industrial Technology (ICIT),2017,A reconfigurable scheme of wireless power transmission in fully-enclosed box,Wireless power transmission,Electronics,
239,IEEE International Conference on Industrial Technology (ICIT),2017,A system for monitoring hand hygiene compliance based-on Internet-of-Things,Monitoring hand hygiene compliance based,IOT & VR/AR,
240,IEEE International Conference on Industrial Technology (ICIT),2017,Distributed home automation system based on IEC61499 function blocks and wireless sensor networks,Distributed home automation system based,AI,
241,IEEE International Conference on Industrial Technology (ICIT),2017,On-body signal propagation in WBANs for firefighters personal protective equipment: Statistical characterization and performance assessment,Firefighters personal protective equipment,Electronics,
242,IEEE International Conference on Industrial Technology (ICIT),2017,Planar inverted-F antenna design for a fully implantable mechanical circulatory support system,Fully implantable mechanical circulatory support system,Dynamics,
243,IEEE International Conference on Industrial Technology (ICIT),2017,SWSN: A safe wireless sensor network module for fail-silent systems,Safe wireless sensor network module,AI,
244,IEEE International Conference on Industrial Technology (ICIT),2017,We-care: An IoT-based health care system for elderly people,Based health care system,IOT & VR/AR,
245,IEEE International Conference on Industrial Technology (ICIT),2017,Intelligent control of electrified vehicles,Intelligent control,Vehicle dynamics,
246,IEEE International Conference on Industrial Technology (ICIT),2017,An analysis on plug-in electric vehicle's operating cost considering cost of battery capacity degradation,Operating cost considering cost,Vehicle dynamics,
247,IEEE International Conference on Industrial Technology (ICIT),2017,Discrete manufacturing ontology development,Discrete manufacturing ontology development,Electronics,
248,IEEE International Conference on Industrial Technology (ICIT),2017,Fuzzy sliding mode control of networked control systems and applications to independent-drive electric vehicles,Fuzzy sliding mode control,AI,
249,IEEE International Conference on Industrial Technology (ICIT),2017,MPC-based power management strategy for a series hybrid electric tracked bulldozer,Series hybrid electric tracked bulldozer,Electronics,
250,IEEE International Conference on Industrial Technology (ICIT),2017,Internet-of-things technology for industrial applications,Things technology,IOT & VR/AR,
251,IEEE International Conference on Industrial Technology (ICIT),2017,A performance evaluation of distributed control with STDMA switches,Stdma switches,Control,
252,IEEE International Conference on Industrial Technology (ICIT),2017,A session hijacking attack on physical layer key generation agreement,Physical layer key generation agreement,Electronics,
253,IEEE International Conference on Industrial Technology (ICIT),2017,An OPC UA server as a gateway that shares CAN network data and engineering knowledge,Opc ua server,AI,
254,IEEE International Conference on Industrial Technology (ICIT),2017,Bring your own key for the industrial Internet of Things,Industrial internet,IOT & VR/AR,
255,IEEE International Conference on Industrial Technology (ICIT),2017,Characterization of non-line of sight paths using 802.15.4a,Sight paths using 802,Robotics,
256,IEEE International Conference on Industrial Technology (ICIT),2017,Energy efficient irrigation scheduling system based on the ISO/IEC/IEEE 21451 standards,Energy efficient irrigation scheduling system based,Dynamics,
257,IEEE International Conference on Industrial Technology (ICIT),2017,Human factors and system design in factory automation,System design,Electronics,
258,IEEE International Conference on Industrial Technology (ICIT),2017,A novel Bayesian network-based fault prognostic method for semiconductor manufacturing process,Based fault prognostic method,AI,
259,IEEE International Conference on Industrial Technology (ICIT),2017,Development of standing assistive walker for domestic use,Standing assistive walker,Dynamics,
260,IEEE International Conference on Industrial Technology (ICIT),2017,Inflatable arm with rigidity for safe robots — 1st report: Proposal of joint structure,Safe robots — 1st report,Robotics,
261,IEEE International Conference on Industrial Technology (ICIT),2017,Proposal of communication robot with simple motions,Simple motions,Robotics,
262,IEEE International Conference on Industrial Technology (ICIT),2017,SETTLE code — A 2D code for 6-dof localization and its implementation on Android smartphone,Settle code —,Smart technologies,
263,IEEE International Conference on Industrial Technology (ICIT),2017,Advanced power electronics for power quality in distributed systems,Advanced power electronics,Electronics,
264,IEEE International Conference on Industrial Technology (ICIT),2017,A hybrid maximum power point tracking method for photovoltaic applications with reduced offline measurements,Hybrid maximum power point tracking method,Formulation,
265,IEEE International Conference on Industrial Technology (ICIT),2017,A simple control method for modular multilevel converters,Simple control method,Control,
266,IEEE International Conference on Industrial Technology (ICIT),2017,Enhanced standalone single-phase system with an SPFLI with a resonant controller,Enhanced standalone single,Control,
267,IEEE International Conference on Industrial Technology (ICIT),2017,Grid tie indirect matrix converter operating with unity power factor under double space vector modulation,Grid tie indirect matrix converter operating,Electronics,
268,IEEE International Conference on Industrial Technology (ICIT),2017,Harmonic power flow in unbalanced and polluted radial distribution systems,Polluted radial distribution systems,Dynamics,
269,IEEE International Conference on Industrial Technology (ICIT),2017,Modeling and contol to enhance a grid on/off operation of a single-phase system,Phase system,Modeling,
270,IEEE International Conference on Industrial Technology (ICIT),2017,Nine-level asymmetrical single phase multilevel inverter topology with low switching frequency and reduce device counts,Level asymmetrical single phase multilevel inverter topology,Dynamics,
271,IEEE International Conference on Industrial Technology (ICIT),2017,Photovoltaic system modeling and simulation,Photovoltaic system modeling,Modeling,
272,IEEE International Conference on Industrial Technology (ICIT),2017,Dependable wireless communication for industrial internet of things,Dependable wireless communication,IOT & VR/AR,
273,IEEE International Conference on Industrial Technology (ICIT),2017,Orchestration of containerized microservices for IIoT using Docker,Iiot using docker,IOT & VR/AR,
274,IEEE International Conference on Industrial Technology (ICIT),2017,Impedance-source converters for renewable energy conversion systems,Renewable energy conversion systems,Electronics,
275,IEEE International Conference on Industrial Technology (ICIT),2017,A model predictive control for low-frequency ripple power elimination of active power filter integrated single-phase quasi-Z-source inverter,Active power filter integrated single,Electronics,
276,IEEE International Conference on Industrial Technology (ICIT),2017,Wireless power transfer for industrial electronics,Wireless power transfer,Electronics,
277,IEEE International Conference on Industrial Technology (ICIT),2017,"In-motion wireless power transfer: Technology, infrastructure, challenges and market scenario",Motion wireless power transfer,Robotics,
278,IEEE International Conference on Industrial Technology (ICIT),2017,Interleaved DC/DC charger for wireless power tranfer,Wireless power tranfer,Electronics,
279,IEEE International Conference on Industrial Technology (ICIT),2017,Optimal design of resonant coupled multi-receiver wireless power transfer systems,Receiver wireless power transfer systems,Electronics,
280,IEEE International Conference on Industrial Technology (ICIT),2017,Innovation and commercialisation in industrial electronics,Industrial electronics,Electronics,
281,IEEE International Conference on Industrial Technology (ICIT),2017,Smart wearable technologies: Current status and market orientation through a patent analysis,Smart wearable technologies,Smart technologies,
282,IEEE International Conference on Industrial Technology (ICIT),2017,Energy efficient control of converters and AC drives,Energy efficient control,Electronics,
