﻿,Conference,Year,Title,Keywords,Category,Note
1,IEEE International Conference on Industrial Technology (ICIT),2021,Adjusting the active joint stiffness of a collaborative robot arm for force control,Collaborative robot arm,Robotics,
2,IEEE International Conference on Industrial Technology (ICIT),2021,Application of Augmented Reality based on Sensing Data to Teleoperation System for Operator Support,Augmented reality based,IOT & VR/AR,
3,IEEE International Conference on Industrial Technology (ICIT),2021,Autonomous Vehicle Control Design Framework for Performance and Driveability,Autonomous vehicle control design framework,Vehicle dynamics,
4,IEEE International Conference on Industrial Technology (ICIT),2021,Design Guidelines for the Evolutionary Integration of Physical Behaviour Models into Plant Simulations for Production Engineering,Physical behaviour models,Modeling,
5,IEEE International Conference on Industrial Technology (ICIT),2021,"Design, Characterization, and Control of a Size Adaptable In-pipe Robot for Water Distribution Systems",Water distribution systems,Robotics,
6,IEEE International Conference on Industrial Technology (ICIT),2021,Development of a Wearable Four-Degrees-of-Freedom Force Feedback Device with a Clutch Mechanism Using Artificial Muscle Contraction,Clutch mechanism using artificial muscle contraction,Smart technologies,
7,IEEE International Conference on Industrial Technology (ICIT),2021,Generalized Iterative Super-Twisting Sliding Mode Control: A Case Study on Flexure-Joint Dual-Drive H-Gantry Stage,Twisting sliding mode control,Control,
8,IEEE International Conference on Industrial Technology (ICIT),2021,"Implementation and Comparison of PID, PI-PD, LQR and MPC on Separation Clutch System in Slip",Separation clutch system,Dynamics,
9,IEEE International Conference on Industrial Technology (ICIT),2021,Model predictive control of vehicle dynamics based on the Koopman operator with extended dynamic mode decomposition,Extended dynamic mode decomposition,Vehicle dynamics,
10,IEEE International Conference on Industrial Technology (ICIT),2021,MPC based Sliding Mode Control for More Electric Aircraft application,Mpc based sliding mode control,Control,
11,IEEE International Conference on Industrial Technology (ICIT),2021,Operability Evaluation of Human-Adaptive Impedance Control for Human-collaborative Robots,Adaptive impedance control,Robotics,
12,IEEE International Conference on Industrial Technology (ICIT),2021,Perturbation and Observer Based Sliding-Mode Controller for Excitation control in Single-Machine Infinite Bus System,Machine infinite bus system,Electronics,
13,IEEE International Conference on Industrial Technology (ICIT),2021,Robust Control Design Toolbox for General Time Delay Systems via Structured Singular Value: Unstable Systems with Factorization for Two-Degree-of-Freedom Controller,General time delay systems via structured singular value,Electronics,
14,IEEE International Conference on Industrial Technology (ICIT),2021,Robust Simple Adaptive Control with Augmented Output Signal and Friction Compensation for Industrial Feed Drive Systems,Robust simple adaptive control,Control,
15,IEEE International Conference on Industrial Technology (ICIT),2021,Time-varying group formation-tracking control for general linear multi-agent systems with switching topologies and time-varying delays,General linear multi,Electronics,
16,IEEE International Conference on Industrial Technology (ICIT),2021,Verification of the,Verification,Dynamics,
17,IEEE International Conference on Industrial Technology (ICIT),2021,Electrical Machines and Drives,Electrical machines,Electronics,
18,IEEE International Conference on Industrial Technology (ICIT),2021,A Comparison Between Conventional and Flux-Intensifying Interior Permanent Magnet Synchronous Machines,Intensifying interior permanent magnet synchronous machines,Electronics,
19,IEEE International Conference on Industrial Technology (ICIT),2021,A Performance Comparison of GaN FET and Silicon MOSFET,Silicon mosfet,Dynamics,
20,IEEE International Conference on Industrial Technology (ICIT),2021,A phase based approach for machine inductance estimation via current slope detection of an inverter fed IPMSM,Machine inductance estimation via current slope detection,Measurements,
21,IEEE International Conference on Industrial Technology (ICIT),2021,An Application of Active Disturbance Rejection Control to Stepper Motors with Field Oriented Control,Active disturbance rejection control,Electronics,
22,IEEE International Conference on Industrial Technology (ICIT),2021,Automatic Detection of Rotor Faults in Induction Motors by Convolutional Neural Networks applied to Stray Flux Signals,Convolutional neural networks applied,AI,
23,IEEE International Conference on Industrial Technology (ICIT),2021,Bispectrum and Kurtosis Analysis of Rotor Currents for the Detection of Field Winding Faults in Synchronous Motors,Field winding faults,Numerical analysis,
24,IEEE International Conference on Industrial Technology (ICIT),2021,"Carrier Modulation Schemes of Asymmetric, Multileveled, Switched Reluctance Machine Drives",Switched reluctance machine drives,Electronics,
25,IEEE International Conference on Industrial Technology (ICIT),2021,Comparison of Hybrid PM assisted Synchronous Reluctance Motors,Hybrid pm assisted synchronous reluctance motors,Dynamics,
26,IEEE International Conference on Industrial Technology (ICIT),2021,"Comparison of Synchronous Reluctance, PM assisted Synchronous Reluctance and Spoke-Type BLDC Motor for an E-Rickshaw",Pm assisted synchronous reluctance,Electronics,
27,IEEE International Conference on Industrial Technology (ICIT),2021,Design of a FPGA-based Inverter Drive for HF Injection Based Sensorless Control,Hf injection based sensorless control,Control,
28,IEEE International Conference on Industrial Technology (ICIT),2021,Detection and Discrimination of Inter-Turn Short Circuit and Demagnetization Faults in PMSMs Based on Structural Analysis,Turn short circuit,Numerical analysis,
29,IEEE International Conference on Industrial Technology (ICIT),2021,Harmonic current injection for torque ripple reduction with optimum current trajectory for minimum induced voltage,Torque ripple reduction,Optimization,
30,IEEE International Conference on Industrial Technology (ICIT),2021,High Performance Finite Control Set Model Predictive DTC for Three-to-Five Phase Direct Matrix Converter Fed Induction Motor Drive,Five phase direct matrix converter fed induction motor drive,Control,
31,IEEE International Conference on Industrial Technology (ICIT),2021,Improved DC-link Voltage Utilization for Dual Three-phase Drives with Full Anti-windup and Harmonic Compensation,Link voltage utilization,Electronics,
32,IEEE International Conference on Industrial Technology (ICIT),2021,Modelling of Permanent Magnet Synchronous Generator with Non-linear Magnets,Permanent magnet synchronous generator,Modeling,
33,IEEE International Conference on Industrial Technology (ICIT),2021,Numerical modeling for 3D eddy current calculation in magneto-quasistatic approximation,3d eddy current calculation,Modeling,
34,IEEE International Conference on Industrial Technology (ICIT),2021,Reduction in Eddy Current Loss of Concentrated Windings in High-power Density IPMSM Using Rectangular Windings,Power density ipmsm using rectangular windings,Dynamics,
35,IEEE International Conference on Industrial Technology (ICIT),2021,Reliability Model Development for Wind Turbine Drivetrain with Brushless Doubly-Fed Induction Machine as Generator,Wind turbine drivetrain,Vehicle dynamics,
36,IEEE International Conference on Industrial Technology (ICIT),2021,Sensorless Speed Control of Single-Inverter Dual Motors based on Slotting Saliency Harmonic,Inverter dual motors based,Control,
37,IEEE International Conference on Industrial Technology (ICIT),2021,Stability Analysis of a Non-Linear PWM-Controlled Buck Converter with LC Input Filter,Lc input filter,Control,
38,IEEE International Conference on Industrial Technology (ICIT),2021,Power Electronics and Renewable Energy Conversion,Renewable energy conversion,Electronics,
39,IEEE International Conference on Industrial Technology (ICIT),2021,3D Space Vector Pulse Density Modulation Scheme for Two-Level Four-Leg Inverter,3d space vector pulse density modulation scheme,Electronics,
40,IEEE International Conference on Industrial Technology (ICIT),2021,A Low-Voltage-Deviation and Small-Output-Voltage-Ripple DC-DC Converter with Reduced Output Capacitance in Automotive Applications,Reduced output capacitance,Formulation,
41,IEEE International Conference on Industrial Technology (ICIT),2021,A Modular Multilevel Converter with a Clamping Switch for Quasi-Three-Level Operation,Modular multilevel converter,Dynamics,
42,IEEE International Conference on Industrial Technology (ICIT),2021,A new Switched Capacitor Nine-Level Inverter Based on Flyback DC-DC converter,New switched capacitor nine,Electronics,
43,IEEE International Conference on Industrial Technology (ICIT),2021,A Novel Reference Current Detection Algorithm (RCDA) in 9-Level PEC Converter-based Shunt Active Power Filter,Novel reference current detection algorithm,Algorithm,
44,IEEE International Conference on Industrial Technology (ICIT),2021,A Novel Semi-Isolated Three-Port dc-dc Power Converter with Soft Switching Technique for Hybrid Energy Storage Applications,Hybrid energy storage applications,Electronics,
45,IEEE International Conference on Industrial Technology (ICIT),2021,A Novel Three-Port DC-DC Converter for Integration of PV and Storage in Zonal DC Microgrids,Zonal dc microgrids,Electronics,
46,IEEE International Conference on Industrial Technology (ICIT),2021,A Ripple-Free Output Current Interleaved DC/DC Converter Design Algorithm for EV Charging,Free output current interleaved dc,Algorithm,
47,IEEE International Conference on Industrial Technology (ICIT),2021,A vanadium redox flow battery bracing the pilot microgrid at Eni Renewable Energy & Environmental R&DCenter,Vanadium redox flow battery bracing,Electronics,
48,IEEE International Conference on Industrial Technology (ICIT),2021,Active Damping Control for Variable-Speed Wind Turbines with VSM as Grid-Side Control,Speed wind turbines,Electronics,
49,IEEE International Conference on Industrial Technology (ICIT),2021,An Intelligent Linearization Control Method for Grid-Tied Packed E-Cell Inverter under Load Variations and Parameters Mismatch,Intelligent linearization control method,Electronics,
50,IEEE International Conference on Industrial Technology (ICIT),2021,Analysis and Design of Resonant Class Φ2 Inverter with Low-Voltage Stress,Resonant class φ2 inverter,Numerical analysis,
51,IEEE International Conference on Industrial Technology (ICIT),2021,Application of Variable Carrier Frequency Control by Using Wide Bandgap Semiconductors Inverter for WLTC Mode Driving,Using wide bandgap semiconductors inverter,Control,
52,IEEE International Conference on Industrial Technology (ICIT),2021,Bidirectional Partial Power DC-DC Configuration for HESS interface in EV Powertrains,Bidirectional partial power dc,Vehicle dynamics,
53,IEEE International Conference on Industrial Technology (ICIT),2021,Binary Capacitor Voltage Control-based MMC with a Hybrid Arm Design for Low Nominal DC Voltage Applications,Low nominal dc voltage applications,Electronics,
54,IEEE International Conference on Industrial Technology (ICIT),2021,Comparison Between five MPPT Techniques for the Z-source inverter integrated into a PV system using MCBC control method,Pv system using mcbc control method,Control,
55,IEEE International Conference on Industrial Technology (ICIT),2021,Control of a Single Phase Modular Multilevel Converter based on a New Modulation Technique,Single phase modular multilevel converter based,Control,
56,IEEE International Conference on Industrial Technology (ICIT),2021,Design of a Gain Scheduling Pitch Controller for Wind Turbines by Using the Bode Diagram,Gain scheduling pitch controller,Control,
57,IEEE International Conference on Industrial Technology (ICIT),2021,End-to-End Efficiency Improvement Technique for Supercapacitor Energy Stores in Renewable Energy Applications,End efficiency improvement technique,Electronics,
58,IEEE International Conference on Industrial Technology (ICIT),2021,Enhanced solar water-pumping system driven by a synchronous reluctance motor,Synchronous reluctance motor,Dynamics,
59,IEEE International Conference on Industrial Technology (ICIT),2021,Grid connected Photovoltaic System Based on SPUC5 Inverter,Grid connected photovoltaic system based,Dynamics,
60,IEEE International Conference on Industrial Technology (ICIT),2021,High-Frequency Spread-Spectrum Modulations for Wide-Bandgap Voltage Source Converters,Bandgap voltage source converters,Dynamics,
61,IEEE International Conference on Industrial Technology (ICIT),2021,Improved Stability of DC Catenary Fed Traction Drivers and Auxiliary Converters using QFT Robust Technique,Auxiliary converters using qft robust technique,Electronics,
62,IEEE International Conference on Industrial Technology (ICIT),2021,Influences of Cell to Cell Variances and the Battery Design on thermal and electrical imbalances among parallel Lithium-Ion Cells,Electrical imbalances among parallel lithium,Dynamics,
63,IEEE International Conference on Industrial Technology (ICIT),2021,Integration of Renewable Energy Sources to Wireless Charger of Electrical Vehicle,Renewable energy sources,Vehicle dynamics,
64,IEEE International Conference on Industrial Technology (ICIT),2021,Large-Scale Wind Turbine With Quasi-Z-Source Inverter and Battery,Scale wind turbine,Dynamics,
65,IEEE International Conference on Industrial Technology (ICIT),2021,Large-Signal Electrical Parameter Characterization in Inductive Power Transfer Systems,Signal electrical parameter characterization,Electronics,
66,IEEE International Conference on Industrial Technology (ICIT),2021,LQG digital state-feedback control of a Dual-Active-Bridge Series-Resonant Converter,Lqg digital state,Smart technologies,
67,IEEE International Conference on Industrial Technology (ICIT),2021,Model Predictive Control for paralleled UPS systems with load-side neutral wire,Side neutral wire,Control,
68,IEEE International Conference on Industrial Technology (ICIT),2021,Modeling and dynamic feedback linearization of a 5-switch tri-state buck-boost bidirectional DC-DC converter,Dynamic feedback linearization,Electronics,
69,IEEE International Conference on Industrial Technology (ICIT),2021,Modular Multilevel Converter Circulating Current Control with Single Active Filter Module per Phase,Single active filter module per phase,Electronics,
70,IEEE International Conference on Industrial Technology (ICIT),2021,Modular Multilevel Converters Based on Interleaved Half-Bridge Submodules,Modular multilevel converters based,Dynamics,
71,IEEE International Conference on Industrial Technology (ICIT),2021,Numerical Analysis of Renewable Generation Variability for Energy Storage Smoothing Applications,Energy storage smoothing applications,Numerical analysis,
72,IEEE International Conference on Industrial Technology (ICIT),2021,Optimal Utilization of the Dual-Active Bridge Converter with Bidirectional Charge Control,Bidirectional charge control,Electronics,
73,IEEE International Conference on Industrial Technology (ICIT),2021,Optimization of Bidirectional Modular DC/DC Converter for Low and High Power Operation in Aircraft Applications,High power operation,Electronics,
74,IEEE International Conference on Industrial Technology (ICIT),2021,Partial Power Converter for DCX-based High-Power LED Drivers,Power led drivers,Electronics,
75,IEEE International Conference on Industrial Technology (ICIT),2021,Primary Control and Large-Signal Stability Criteria of an Enhanced Electrical Power System for Space Applications,Enhanced electrical power system,Electronics,
76,IEEE International Conference on Industrial Technology (ICIT),2021,Research on SIDO Converter and Its Power Decoupling Control Strategy,Power decoupling control strategy,Control,
77,IEEE International Conference on Industrial Technology (ICIT),2021,Simple Model Predictive Control of High Power Direct-Driven PMSG Wind Energy Systems,Driven pmsg wind energy systems,Control,
78,IEEE International Conference on Industrial Technology (ICIT),2021,Space Vector Modulation (SVM)-exploited Binary Capacitor Voltage Control (BCVC)-based Flying-Capacitor-Clamped Multilevel Converter (FCCMC) for Low Nominal DC Voltage Applications,Svm )- exploited binary capacitor voltage control,Electronics,
79,IEEE International Conference on Industrial Technology (ICIT),2021,State Space Model for a Droop Control Strategy with Fault Ride-Through in UPS Parallel Inverters,Ups parallel inverters,Electronics,
80,IEEE International Conference on Industrial Technology (ICIT),2021,Three-level DC-DC GaN-based Converter with Active Thermal Control for Powertrain applications in Electric Vehicles,Active thermal control,Vehicle dynamics,
81,IEEE International Conference on Industrial Technology (ICIT),2021,Topology Review of Grid-Connected Multilevel Inverters Supplied by Photovoltaic Panels using Switched-Capacitor Based Circuits,Photovoltaic panels using switched,Electronics,
82,IEEE International Conference on Industrial Technology (ICIT),2021,Two Level AC-DC-AC Converter Design with a New Approach to Implement Finite Control Set Model Predictive Control,Implement finite control set model predictive control,Electronics,
83,IEEE International Conference on Industrial Technology (ICIT),2021,ZPUC9-MMC: An Increased Voltage Level Modular Multilevel Converter,Increased voltage level modular multilevel converter,Dynamics,
84,IEEE International Conference on Industrial Technology (ICIT),2021,Power Systems and Smart Grids,Smart grids,Smart technologies,
85,IEEE International Conference on Industrial Technology (ICIT),2021,A Case Study for maximizing Hydroelectric annual revenue on Brazilian Power Market,Maximizing hydroelectric annual revenue,Dynamics,
86,IEEE International Conference on Industrial Technology (ICIT),2021,A Novel Approach of Loss Sensitivity Factor for Optimal Placement of Battery Energy Storage System,Battery energy storage system,Electronics,
87,IEEE International Conference on Industrial Technology (ICIT),2021,A Novel Method for Stabilizing Buck-Boost Converters with CPL using Model Prediction Control,Cpl using model prediction control,Control,
88,IEEE International Conference on Industrial Technology (ICIT),2021,A Symmetric Block Resampling Method to Generate Energy Time Series Data,Generate energy time series data,Dynamics,
89,IEEE International Conference on Industrial Technology (ICIT),2021,Adapted Operational Management of Wind Turbines for the Provision of Primary Power Reserve,Primary power reserve,Dynamics,
90,IEEE International Conference on Industrial Technology (ICIT),2021,Allocation and Optimal Sizing of Flexible Capacitor Banks for the Minimization of Active Power Losses in Long Unbalanced Rural Medium Voltage Distribution Feeders using Heuristic Algorithms,Long unbalanced rural medium voltage distribution feeders using heuristic algorithms,Algorithm,
91,IEEE International Conference on Industrial Technology (ICIT),2021,Analysis of Droop controlled paralleled Aircraft Generators through common DC Bus,Droop controlled paralleled aircraft generators,Electronics,
92,IEEE International Conference on Industrial Technology (ICIT),2021,Analysis of methods to improve energy storage arbitrage benefit considering capacity degradation,Improve energy storage arbitrage benefit considering capacity degradation,Electronics,
93,IEEE International Conference on Industrial Technology (ICIT),2021,Applications of AI-Based Forecasts in Renewable Based Electricity Balancing Markets,Renewable based electricity balancing markets,Dynamics,
94,IEEE International Conference on Industrial Technology (ICIT),2021,Control and Power Management of a 24-Hour DC Microgrid Improved Model,Hour dc microgrid improved model,Electronics,
95,IEEE International Conference on Industrial Technology (ICIT),2021,Distributed Economic Model Predictive Control of an Electric Power System Using ALADIN,Electric power system using aladin,Control,
96,IEEE International Conference on Industrial Technology (ICIT),2021,Flexible Control Structure of a Smart Transformer for Universal Operation,Flexible control structure,Smart technologies,
97,IEEE International Conference on Industrial Technology (ICIT),2021,Generator Available Inertia Estimation Based on Various Disturbance Measurements of PMU,Generator available inertia estimation based,Measurements,
98,IEEE International Conference on Industrial Technology (ICIT),2021,Load modeling from smart meter data using neural network methods,Smart meter data using neural network methods,AI,
99,IEEE International Conference on Industrial Technology (ICIT),2021,Optimisation of Location and Size for Distributed Generation in Unbalanced Grids,Unbalanced grids,Optimization,
100,IEEE International Conference on Industrial Technology (ICIT),2021,Potential Hazards of Transient Overvoltages in an Industrial DC Grid and Basic Protective Measures,Industrial dc grid,Measurements,
101,IEEE International Conference on Industrial Technology (ICIT),2021,Real-time Smart Microgrid Simulation: The integration of communication layer in electrical simulation,Time smart microgrid simulation,Smart technologies,
102,IEEE International Conference on Industrial Technology (ICIT),2021,Single-Phase Bidirectional PEV Charger for V2G Operation with Coupled-Inductor Cuk Converter,Phase bidirectional pev charger,Dynamics,
103,IEEE International Conference on Industrial Technology (ICIT),2021,Smart charging impact on electric vehicles in presence of photovoltaics,Smart charging impact,Smart technologies,
104,IEEE International Conference on Industrial Technology (ICIT),2021,Socio-economic and technological impact of a microgrid in isolated communities using Simulation Modeling,Isolated communities using simulation modeling,Electronics,
105,IEEE International Conference on Industrial Technology (ICIT),2021,Statistical simulation of Electric Vehicle behaviour applied to low voltage distribution network,Low voltage distribution network,AI,
106,IEEE International Conference on Industrial Technology (ICIT),2021,Study on the Planning Method of Electric Vehicle Charging Station considering the Efficiency of Peak Shaving and Frequency Regulations,Electric vehicle charging station considering,Vehicle dynamics,
107,IEEE International Conference on Industrial Technology (ICIT),2021,"Sensors, Actuators and Micro-Nanotechnology",Sensors,Electronics,
108,IEEE International Conference on Industrial Technology (ICIT),2021,A novel method for in-home Gait Speed estimation in Health Monitoring Using Bluetooth Low Energy,Health monitoring using bluetooth low energy,Measurements,
109,IEEE International Conference on Industrial Technology (ICIT),2021,A ROS Driver for Xsens Wireless Inertial Measurement Unit Systems,Xsens wireless inertial measurement unit systems,Measurements,
110,IEEE International Conference on Industrial Technology (ICIT),2021,Design and Manufacturing of a Wireless Temperature Monitoring System for Gas Insulated Switchgear,Wireless temperature monitoring system,Electronics,
111,IEEE International Conference on Industrial Technology (ICIT),2021,Design and Validation of a Resonant Multi-Axis Force Sensor for Collaborative Robotics,Axis force sensor,Robotics,
112,IEEE International Conference on Industrial Technology (ICIT),2021,"Cloud Computing, Big Data and Software Engineering",Software engineering,Dynamics,
113,IEEE International Conference on Industrial Technology (ICIT),2021,A Feature-Based Machine Learning Approach for Mixed-Criticality Systems,Based machine learning approach,AI,
114,IEEE International Conference on Industrial Technology (ICIT),2021,A Microservice-Based Architecture for Performance and Energy Benchmarking of Docker-Host Linux Distributions on Internet-of-Things Devices,Host linux distributions,IOT & VR/AR,
115,IEEE International Conference on Industrial Technology (ICIT),2021,A Queueing Model for Industrial Public Blockchains and Validation,Industrial public blockchains,Modeling,
116,IEEE International Conference on Industrial Technology (ICIT),2021,Factory data management: Definition and differentiation from manufacturing operations management,Manufacturing operations management,Electronics,
117,IEEE International Conference on Industrial Technology (ICIT),2021,Fault-tolerant Permanent Storage for Container-based Fog Architectures,Tolerant permanent storage,Dynamics,
118,IEEE International Conference on Industrial Technology (ICIT),2021,Implicit Templates for Conformance Units in OPC UA Companion Specifications,Opc ua companion specifications,Dynamics,
119,IEEE International Conference on Industrial Technology (ICIT),2021,Improve Test Quality by Applying a Clustering-based Test Planning Procedure for Customer Experience Vehicle Functions,Customer experience vehicle functions,Vehicle dynamics,
120,IEEE International Conference on Industrial Technology (ICIT),2021,Multi-Access Edge Computing: An Overview and Latency Evaluation,Access edge computing,Electronics,
121,IEEE International Conference on Industrial Technology (ICIT),2021,Prototyping intrusion detection in an industrial cloud-native digital twin,Prototyping intrusion detection,Smart technologies,
122,IEEE International Conference on Industrial Technology (ICIT),2021,Rigid Body Movement Prediction Using Dual Quaternion Recurrent Neural Networks,Rigid body movement prediction using dual quaternion recurrent neural networks,AI,
123,IEEE International Conference on Industrial Technology (ICIT),2021,Transferring a model-based development methodology to the automotive industry,Based development methodology,Modeling,
124,IEEE International Conference on Industrial Technology (ICIT),2021,Electronic Systems on Chip and Embedded Control,Embedded control,Electronics,
125,IEEE International Conference on Industrial Technology (ICIT),2021,An Automated Configuration Framework for TSN Networks,Automated configuration framework,AI,
126,IEEE International Conference on Industrial Technology (ICIT),2021,"Development of an New ASIC based, Multi-channel Data Acquisition and Real-Time Processing System",Time processing system,Electronics,
127,IEEE International Conference on Industrial Technology (ICIT),2021,Lean automated hardware/software integration test strategy for embedded systems,Software integration test strategy,Dynamics,
128,IEEE International Conference on Industrial Technology (ICIT),2021,Multiple PRM-Based Lockstep/Performance Mode Switches for Critical/Non-Critical Real-Time Tasks,Performance mode switches,Numerical analysis,
129,IEEE International Conference on Industrial Technology (ICIT),2021,Reliable Software Design Aided by QEMU Simulation,Reliable software design aided,Modeling,
130,IEEE International Conference on Industrial Technology (ICIT),2021,Simultaneous Multiprocessing on FPGA-CPU Heterogeneous Chips,Cpu heterogeneous chips,Dynamics,
131,IEEE International Conference on Industrial Technology (ICIT),2021,Triton: a Domain Specific Language for Cyber-Physical Systems,Domain specific language,Dynamics,
132,IEEE International Conference on Industrial Technology (ICIT),2021,Versatile SoC architecture for integration of HW accelerators in power electronics applications,Versatile soc architecture,Electronics,
133,IEEE International Conference on Industrial Technology (ICIT),2021,Signal and Image Processing and Computational Intelligence,Image processing,Dynamics,
134,IEEE International Conference on Industrial Technology (ICIT),2021,A Comprehensive Review on Evolutionary Algorithm Solving Multi-Objective Problems,Evolutionary algorithm solving multi,Algorithm,
135,IEEE International Conference on Industrial Technology (ICIT),2021,A New Method for Semi-Supervised Segmentation of Satellite Images,Supervised segmentation,AI,
136,IEEE International Conference on Industrial Technology (ICIT),2021,A novel optimization robust design of artificial neural networks to solve the inverse kinematics of a manipulator of 6 DOF,Novel optimization robust design,AI,
137,IEEE International Conference on Industrial Technology (ICIT),2021,A Robust Passive Target Localization for Substation Inspection of UAV in a GPS-denied Environment,Robust passive target localization,Dynamics,
138,IEEE International Conference on Industrial Technology (ICIT),2021,An On-board Monitoring System for Driving Fatigue and Distraction Detection,Board monitoring system,Electronics,
139,IEEE International Conference on Industrial Technology (ICIT),2021,Comparison of two semantic segmentation databases for smoke detection,Two semantic segmentation databases,Dynamics,
140,IEEE International Conference on Industrial Technology (ICIT),2021,Detection of Defects on Irregular Structured Surfaces by Image Processing Methods for Feature Extraction,Irregular structured surfaces,Electronics,
141,IEEE International Conference on Industrial Technology (ICIT),2021,Development of Methods for Coil-Based Localization by Magnetic Fields of Miniaturized Sensor Platforms in Bioprocesses,Miniaturized sensor platforms,Dynamics,
142,IEEE International Conference on Industrial Technology (ICIT),2021,Driver Attention Assistance by Pedestrian/Cyclist Distance Estimation from a Single RGB Image: A CNN-based Semantic Segmentation Approach,Based semantic segmentation approach,Measurements,
143,IEEE International Conference on Industrial Technology (ICIT),2021,Estimation of Stochastic Time Lags between Data Sources in Distributed Production Facilities Based on Cross-Correlated Signals,Distributed production facilities based,Measurements,
144,IEEE International Conference on Industrial Technology (ICIT),2021,Human Movement Direction Prediction using Virtual Reality and Eye Tracking,Human movement direction prediction using virtual reality,IOT & VR/AR,
145,IEEE International Conference on Industrial Technology (ICIT),2021,Interaction by Hand-Tracking in a Virtual Reality Environment,Virtual reality environment,IOT & VR/AR,
146,IEEE International Conference on Industrial Technology (ICIT),2021,Long Short-Term Memory based RNN for COVID-19 disease prediction,Term memory based rnn,Dynamics,
147,IEEE International Conference on Industrial Technology (ICIT),2021,Low-cost 3D LIDAR-based scanning system for small objects,Cost 3d lidar,Measurements,
148,IEEE International Conference on Industrial Technology (ICIT),2021,Performance Evaluation of Adversarial Learning for Anomaly Detection using Mixture Models,Anomaly detection using mixture models,AI,
149,IEEE International Conference on Industrial Technology (ICIT),2021,Recognition of human activity and the state of an assembly task using vision and inertial sensor fusion methods,Inertial sensor fusion methods,AI,
150,IEEE International Conference on Industrial Technology (ICIT),2021,Recursive Subspace-aided Frequency Estimator Based on the Propagator Method,Aided frequency estimator based,Electronics,
151,IEEE International Conference on Industrial Technology (ICIT),2021,Research on Automatic Recognition Method of Icon Style,Automatic recognition method,AI,
152,IEEE International Conference on Industrial Technology (ICIT),2021,Spatial image segmentation based on Beta-Liouville mixture models and Markov Random Field,Spatial image segmentation based,Modeling,
153,IEEE International Conference on Industrial Technology (ICIT),2021,ToF/Radar early feature-based fusion system for human detection and tracking,Radar early feature,Electronics,
154,IEEE International Conference on Industrial Technology (ICIT),2021,VIO-Aided Structure from Motion Under Challenging Environments,Challenging environments,Robotics,
155,IEEE International Conference on Industrial Technology (ICIT),2021,"Industrial Automation, Communication,Networking and Informatics",Industrial automation,AI,
156,IEEE International Conference on Industrial Technology (ICIT),2021,A Design Methodology of Multi-level Digital Twins,Level digital twins,Smart technologies,
157,IEEE International Conference on Industrial Technology (ICIT),2021,A Design Pattern for Monitoring Adapter Connections in IEC 61499,Monitoring adapter connections,Dynamics,
158,IEEE International Conference on Industrial Technology (ICIT),2021,A Fault Diagnosis Strategy based on Qualitative Trend Analysis Integrating Andrews Plot for Industrial Processes,Qualitative trend analysis integrating andrews plot,Numerical analysis,
159,IEEE International Conference on Industrial Technology (ICIT),2021,A Practical Deep Reinforcement Learning Approach to Semiconductor Equipment Scheduling,Practical deep reinforcement learning approach,AI,
160,IEEE International Conference on Industrial Technology (ICIT),2021,A Stealth Program Injection Attack against S7-300 PLCs,Stealth program injection attack,Electronics,
161,IEEE International Conference on Industrial Technology (ICIT),2021,A System For Drivers’ Cognitive Load Estimation Based On Deep Convolutional Neural Networks and Facial Feature Analysis,Drivers ’ cognitive load estimation based,AI,
162,IEEE International Conference on Industrial Technology (ICIT),2021,Adaptive Boosting Based on Multi-class Neural Networks for IGBT Health Parameter Prediction,Igbt health parameter prediction,AI,
163,IEEE International Conference on Industrial Technology (ICIT),2021,Advanced Grandmaster Selection Method for Converged Wired and Wireless Networks,Advanced grandmaster selection method,AI,
164,IEEE International Conference on Industrial Technology (ICIT),2021,Agent-Based Decentralised Process Planning and Evolutionary Change Propagation,Based decentralised process planning,Dynamics,
165,IEEE International Conference on Industrial Technology (ICIT),2021,An Industrial HMI Temporal Adaptation based on Operator-Machine Interaction Sequence Similarity,Industrial hmi temporal adaptation based,Electronics,
166,IEEE International Conference on Industrial Technology (ICIT),2021,Benefits of Digitalization for Business Processes in Semiconductor Manufacturing,Semiconductor manufacturing,Smart technologies,
167,IEEE International Conference on Industrial Technology (ICIT),2021,Concepts for Retrofitting Industrial Programmable Logic Controllers for Industrie 4.0 Scenarios,Retrofitting industrial programmable logic controllers,Control,
168,IEEE International Conference on Industrial Technology (ICIT),2021,Cooperative Jamming Attack Strategy against Power Balance of Wireless Smart Grid Networks,Wireless smart grid networks,AI,
169,IEEE International Conference on Industrial Technology (ICIT),2021,Curiosity Based RL on Robot Manufacturing Cell,Robot manufacturing cell,Robotics,
170,IEEE International Conference on Industrial Technology (ICIT),2021,Dynamic Adapter Connections for IEC 61499,Dynamic adapter connections,Dynamics,
171,IEEE International Conference on Industrial Technology (ICIT),2021,Dynamically Wiring CPPS Software Architectures,Dynamically wiring cpps software architectures,Dynamics,
172,IEEE International Conference on Industrial Technology (ICIT),2021,Enabling TSN over IEEE 802.11: Low-overhead Time Synchronization for Wi-Fi Clients,Overhead time synchronization,Dynamics,
173,IEEE International Conference on Industrial Technology (ICIT),2021,Evaluation of Industrial Energy Flexibility Potential: A Scoping Review,Industrial energy flexibility potential,Dynamics,
174,IEEE International Conference on Industrial Technology (ICIT),2021,Feasibility Study on Virtual Process Controllers as Basis for Future Industrial Automation Systems,Future industrial automation systems,Control,
175,IEEE International Conference on Industrial Technology (ICIT),2021,Flexible Tool Manipulation for High-Accuracy Removal Processing of Unknown Shape Convex parts,Unknown shape convex parts,Electronics,
176,IEEE International Conference on Industrial Technology (ICIT),2021,Implementation of a Model Based Numerical Control for the Gravity Die Casting Process,Model based numerical control,Control,
177,IEEE International Conference on Industrial Technology (ICIT),2021,Industrial Robotic Arm in Machining Process Aimed to 3D Objects Reconstruction,Machining process aimed,Robotics,
178,IEEE International Conference on Industrial Technology (ICIT),2021,IO-Link Wireless Device Cryptographic Performance and Energy Efficiency,Link wireless device cryptographic performance,Electronics,
179,IEEE International Conference on Industrial Technology (ICIT),2021,Knowledge Internalization using Virtual Training on the HoloLens,Knowledge internalization using virtual training,Vehicle dynamics,
180,IEEE International Conference on Industrial Technology (ICIT),2021,Leader-Follower Formation for UAVs with FOVs Constraint,Fovs constraint,Formulation,
181,IEEE International Conference on Industrial Technology (ICIT),2021,Long-Term LoRa Experiments in a Chemical Plant,Term lora experiments,Dynamics,
182,IEEE International Conference on Industrial Technology (ICIT),2021,Operations for non-disruptive modification of real-time network schedules,Time network schedules,AI,
183,IEEE International Conference on Industrial Technology (ICIT),2021,Optimal Control with Linear Integer Programming for Reducing the Energy Consumption of Interdependent Mixing Machines in Foundry,Linear integer programming,Electronics,
184,IEEE International Conference on Industrial Technology (ICIT),2021,QoS for Dynamic Deployment of IoT Services,Iot services,IOT & VR/AR,
185,IEEE International Conference on Industrial Technology (ICIT),2021,Real-time Alarm Dissemination in Mobile Industrial Networks,Time alarm dissemination,AI,
186,IEEE International Conference on Industrial Technology (ICIT),2021,Recommendation of Best Practices for Industrial Agent Systems based on the IEEE 2660.1 Standard,Industrial agent systems based,Electronics,
187,IEEE International Conference on Industrial Technology (ICIT),2021,Resilient Consensus-based Economic Dispatch Strategy for Power Security Monitoring,Based economic dispatch strategy,Dynamics,
188,IEEE International Conference on Industrial Technology (ICIT),2021,Simulation Components in Gazebo,Simulation components,Modeling,
189,IEEE International Conference on Industrial Technology (ICIT),2021,Smart Valve Detection System for Water Distribution Networks,Smart valve detection system,AI,
190,IEEE International Conference on Industrial Technology (ICIT),2021,SSL-SP: A Semi-Supervised-Learning-Based Stream Partitioning Method for Scale Iterated Scheduling in Time-Sensitive Networks,Based stream partitioning method,AI,
191,IEEE International Conference on Industrial Technology (ICIT),2021,Statistical analysis of execution time profile for temporal validation of a distributed hard real-time system,Distributed hard real,Numerical analysis,
192,IEEE International Conference on Industrial Technology (ICIT),2021,Survival Time-aware Dynamic Multi-connectivity for Industrial Control Applications,Industrial control applications,Control,
193,IEEE International Conference on Industrial Technology (ICIT),2021,The Effects of Brightness Difference on Visual Perception of Characters,Visual perception,Electronics,
194,IEEE International Conference on Industrial Technology (ICIT),2021,Tunnelling and Mirroring Operational Technology Data with IP-based Middlewares,Mirroring operational technology data,Dynamics,
195,IEEE International Conference on Industrial Technology (ICIT),2021,Vibration Measurement and Visualization in Semiconductor AMHS on the basis of IoT,Vibration measurement,IOT & VR/AR,
196,IEEE International Conference on Industrial Technology (ICIT),2021,Industrial Electronics and Education,Industrial electronics,Electronics,
197,IEEE International Conference on Industrial Technology (ICIT),2021,Development of Aerospace Power System Laboratory for Advanced Research and Undergraduate Education,Aerospace power system laboratory,Electronics,
198,IEEE International Conference on Industrial Technology (ICIT),2021,E-Learning in Industrial Electronics during Covid-19,Industrial electronics,AI,
199,IEEE International Conference on Industrial Technology (ICIT),2021,"High precision, geometry independent analytical method for self-inductance calculation in planar coils",Geometry independent analytical method,Dynamics,
200,IEEE International Conference on Industrial Technology (ICIT),2021,"Relationship between Trends, Job Profiles, Skills and Training Programs in the Factory of the Future",Training programs,Vehicle dynamics,
201,IEEE International Conference on Industrial Technology (ICIT),2021,"Telepresence robot, nano-computers and advanced cameras as educational tools",Telepresence robot,Robotics,
202,IEEE International Conference on Industrial Technology (ICIT),2021,SS Advanced Technology on Human Factors in Real World,Ss advanced technology,Electronics,
203,IEEE International Conference on Industrial Technology (ICIT),2021,Development of a Walking Promotion Device using Arm Swing Induced by Parametric Excitation : Second report: Design of second prototype,Walking promotion device using arm swing induced,Robotics,
204,IEEE International Conference on Industrial Technology (ICIT),2021,Leveraging machine learning approaches to estimate the impact of thermostat setpoints on individual household gas consumption,Leveraging machine learning approaches,AI,
205,IEEE International Conference on Industrial Technology (ICIT),2021,Lifetime-Oriented Control Strategies for Hybrid Energy Storage Systems in an Islanded Microgrid,Hybrid energy storage systems,Control,
206,IEEE International Conference on Industrial Technology (ICIT),2021,Respiratory control design to improve body haemoglobin levels,Improve body haemoglobin levels,Control,
207,IEEE International Conference on Industrial Technology (ICIT),2021,Advanced Control of GridConnected Inverters for Distributed Generation and Power Quality,Power quality,Electronics,
208,IEEE International Conference on Industrial Technology (ICIT),2021,Computationally Efficient Set-based Predictive Control for Grid-tied Inverters,Computationally efficient set,Control,
209,IEEE International Conference on Industrial Technology (ICIT),2021,Design of a Model Predictive Control for a Boost Type Matrix Converter,Boost type matrix converter,Control,
210,IEEE International Conference on Industrial Technology (ICIT),2021,Sequence-Frame Coupling Admittance Analysis and Stability of VSC Connected to Weak Grid,Frame coupling admittance analysis,Numerical analysis,
211,IEEE International Conference on Industrial Technology (ICIT),2021,Teaching and Promoting Electronics Classes Including Online Classes,Promoting electronics classes including online classes,Electronics,
212,IEEE International Conference on Industrial Technology (ICIT),2021,Laser Distance Meter and LIDAR Demonstrator Module for Teaching of Sensors,Lidar demonstrator module,Measurements,
213,IEEE International Conference on Industrial Technology (ICIT),2021,Industrial and Power Electronics for Transactive Energy Systems,Transactive energy systems,Electronics,
214,IEEE International Conference on Industrial Technology (ICIT),2021,Energy Routers in Transactive Energy Communities,Transactive energy communities,Electronics,
215,IEEE International Conference on Industrial Technology (ICIT),2021,Modulation strategy and control of Modular Cascade H-Bridge Converters as Input-side of a Multi-port Smart Transformer,Port smart transformer,Smart technologies,
216,IEEE International Conference on Industrial Technology (ICIT),2021,Electric Drives for Electrical Mobility and Green Energy,Green energy,Dynamics,
217,IEEE International Conference on Industrial Technology (ICIT),2021,A Novel Fault Tolerant Smart System for BLDC motor based Electric Vehicles,Novel fault tolerant smart system,Smart technologies,
218,IEEE International Conference on Industrial Technology (ICIT),2021,Anisotropy-based Sensorless Control for Electrical Drives – Part I: Basic Principle,Electrical drives – part,Control,
219,IEEE International Conference on Industrial Technology (ICIT),2021,Current Trajectory-Based Fault Detection and Fault Tolerant Control for Three-phase Induction Drives,Phase induction drives,Control,
220,IEEE International Conference on Industrial Technology (ICIT),2021,Generic loss minimization for nonlinear synchronous machines by analytical computation of optimal reference currents considering copper and iron losses,Optimal reference currents considering copper,Electronics,
221,IEEE International Conference on Industrial Technology (ICIT),2021,Nine-Phase-based Fractional-Slot Winding Layouts for Integrated EV On-board Battery Chargers,Slot winding layouts,Electronics,
222,IEEE International Conference on Industrial Technology (ICIT),2021,Symmetrical Six-Phase Induction Machines: A Solution for Multiphase Direct Control Strategies,Multiphase direct control strategies,Electronics,
223,IEEE International Conference on Industrial Technology (ICIT),2021,Advanced Topologies and Control Techniques for Multilevel Converters,Multilevel converters,Control,
224,IEEE International Conference on Industrial Technology (ICIT),2021,Direct Active and Reactive Power Control for Grid-Connected PEC9 Inverter Using Finite Control Set Model Predictive Method,Connected pec9 inverter using finite control set model predictive method,Electronics,
225,IEEE International Conference on Industrial Technology (ICIT),2021,On the potential of parallel multilevel Current Source Inverter using SiC devices for renewable applications,Parallel multilevel current source inverter using sic devices,Dynamics,
226,IEEE International Conference on Industrial Technology (ICIT),2021,"Z Packed U-cell (ZPUC) topology, configuration of single DC Source single-phase and three-phase Multilevel Converter",Single dc source single,Electronics,
227,IEEE International Conference on Industrial Technology (ICIT),2021,Advances in Digital Transformation of Manufacturing Environments. Integrated Development 4.0,Integrated development 4,Smart technologies,
228,IEEE International Conference on Industrial Technology (ICIT),2021,Adaptive Signal Filtering Platform for a CPS/IoT Ecosystem,Adaptive signal filtering platform,IOT & VR/AR,
229,IEEE International Conference on Industrial Technology (ICIT),2021,AI-Supported Marketplace For Industrial Capabilities,Supported marketplace,Electronics,
230,IEEE International Conference on Industrial Technology (ICIT),2021,Control of heterogenous AMHS in semiconductor industry under consideration of dynamic transport carrier transfers,Dynamic transport carrier transfers,Control,
231,IEEE International Conference on Industrial Technology (ICIT),2021,Investigation of Predictive Maintenance for Semiconductor Manufacturing and its Impacts on the Supply Chain,Supply chain,Electronics,
232,IEEE International Conference on Industrial Technology (ICIT),2021,Sensors data fusion for smart decisions making: A novel bi-functional system for the evaluation of sensors contribution in classification problems,Smart decisions making,Smart technologies,
233,IEEE International Conference on Industrial Technology (ICIT),2021,Smart Platform for Rapid Prototyping: Solutions in the Dilemma of Flexibility and Standardization,Smart platform,Smart technologies,
